lateinit	actron-statechart/src/commonMain/kotlin/actron/statechart/StateChartStore.kt	private lateinit var store: Store<ChartState<C>, A, E>
lateinit	actron-statechart/src/commonMain/kotlin/actron/statechart/StateChartStore.kt	private lateinit var transactor: EnterLaunchScope<ChartState<C>, E, ChartState<C>>
lateinit	actron-statechart/src/commonMain/kotlin/actron/statechart/StateChartStore.kt	private lateinit var workScope: CoroutineScope
null-literal	actron-compose/src/commonMain/kotlin/actron/compose/ViewStore.kt	fun <S : State, A : Action, E : Event> rememberViewStore(key: Any? = null, autoClose: Boolean = false, store: () -> Store<S, A, E>): ViewStore<S, A, E> {
null-literal	actron-core/src/commonMain/kotlin/actron/core/HandlerMatcher.kt	val inputType: KClass<*>? = null,
null-literal	actron-core/src/commonMain/kotlin/actron/core/StoreBuilder.kt	constructor(predicate: P, handler: suspend SC.() -> Unit) : this(predicate, handler, null)
null-literal	actron-core/src/commonMain/kotlin/actron/core/StoreBuilder.kt	this(dispatcher, predicate, handler, null)
null-literal	actron-core/src/commonMain/kotlin/actron/core/StoreImpl.kt	activeDispatchJob = null
null-literal	actron-core/src/commonMain/kotlin/actron/core/StoreImpl.kt	handleException(t, input = null)
null-literal	actron-core/src/commonMain/kotlin/actron/core/StoreImpl.kt	if (current != null) current.commits++
null-literal	actron-core/src/commonMain/kotlin/actron/core/StoreImpl.kt	if (settled != null) return StorePendingWork(0, 0)
null-literal	actron-core/src/commonMain/kotlin/actron/core/StoreImpl.kt	if (starting) round.forEachIndexed { i, plugin -> if (outcomes[i] == null) startedPluginIndices += plugin.index }
null-literal	actron-core/src/commonMain/kotlin/actron/core/StoreImpl.kt	if (startupInput.compareAndSet(null, candidate)) {
null-literal	actron-core/src/commonMain/kotlin/actron/core/StoreImpl.kt	null
null-literal	actron-core/src/commonMain/kotlin/actron/core/StoreImpl.kt	private val lastDispatchDone = MutableStateFlow<Job?>(null)
null-literal	actron-core/src/commonMain/kotlin/actron/core/StoreImpl.kt	private val startupInput = MutableStateFlow<InputId?>(null)
null-literal	actron-core/src/commonMain/kotlin/actron/core/StoreImpl.kt	private var activeDispatchJob: Job? = null
null-literal	actron-core/src/commonMain/kotlin/actron/core/StoreImpl.kt	private var processing: Processing? = null
null-literal	actron-core/src/commonMain/kotlin/actron/core/StoreImpl.kt	var failure: Throwable? = null
null-literal	actron-core/src/commonMain/kotlin/actron/core/StoreImpl.kt	var newState: S? = null
null-literal	actron-core/src/commonMain/kotlin/actron/core/StoreImpl.kt	var newState: S? = null
null-literal	actron-core/src/commonMain/kotlin/actron/core/StoreImpl.kt	var newState: S? = null
null-literal	actron-core/src/commonMain/kotlin/actron/core/StoreImpl.kt	var newState: S? = null
null-literal	actron-core/src/commonMain/kotlin/actron/core/StoreImpl.kt	var newState: S? = null
null-literal	actron-core/src/commonMain/kotlin/actron/core/StoreImpl.kt	var outcome: ProcessingOutcome? = null
null-literal	actron-core/src/commonMain/kotlin/actron/core/StoreImpl.kt	var recoveredFrom: Throwable? = null
null-literal	actron-diagnostics-sdk/src/jvmSharedMain/kotlin/actron/diagnostics/sdk/OpenTelemetryDiagnosticSink.kt	attributes.put("actron.otel.parent.missing", event.parent != null && parent == null)
null-literal	actron-diagnostics-sdk/src/jvmSharedMain/kotlin/actron/diagnostics/sdk/OpenTelemetryDiagnosticSink.kt	attributes.put("actron.otel.parent.missing", event.parent != null && parent == null)
null-literal	actron-diagnostics-sdk/src/jvmSharedMain/kotlin/actron/diagnostics/sdk/OpenTelemetryDiagnosticSink.kt	if (parent != null) builder.setParent(Context.root().with(Span.wrap(parent))) else builder.setNoParent()
null-literal	actron-diagnostics/src/commonMain/kotlin/actron/diagnostics/CausalTrace.kt	((command != null || timer != null || message != null) && parent == null),
null-literal	actron-diagnostics/src/commonMain/kotlin/actron/diagnostics/CausalTrace.kt	((command != null || timer != null || message != null) && parent == null),
null-literal	actron-diagnostics/src/commonMain/kotlin/actron/diagnostics/CausalTrace.kt	((command != null || timer != null || message != null) && parent == null),
null-literal	actron-diagnostics/src/commonMain/kotlin/actron/diagnostics/CausalTrace.kt	((command != null || timer != null || message != null) && parent == null),
null-literal	actron-diagnostics/src/commonMain/kotlin/actron/diagnostics/CausalTrace.kt	(parent != null && (parent.origin !in events || root !in events)))
null-literal	actron-diagnostics/src/commonMain/kotlin/actron/diagnostics/CausalTrace.kt	commit.decisions.flatMap { it.effects }.map { it.id }, null, "persisted", null,
null-literal	actron-diagnostics/src/commonMain/kotlin/actron/diagnostics/CausalTrace.kt	commit.decisions.flatMap { it.effects }.map { it.id }, null, "persisted", null,
null-literal	actron-diagnostics/src/commonMain/kotlin/actron/diagnostics/CausalTrace.kt	commit: DurableCommit<C, CMD, E>, parentCommand: CommandId? = null,
null-literal	actron-diagnostics/src/commonMain/kotlin/actron/diagnostics/CausalTrace.kt	else -> null
null-literal	actron-diagnostics/src/commonMain/kotlin/actron/diagnostics/CausalTrace.kt	if (decisionFailure != null) FailureSource.Decision else if (commandFailure != null) FailureSource.Command else null)
null-literal	actron-diagnostics/src/commonMain/kotlin/actron/diagnostics/CausalTrace.kt	if (decisionFailure != null) FailureSource.Decision else if (commandFailure != null) FailureSource.Command else null)
null-literal	actron-diagnostics/src/commonMain/kotlin/actron/diagnostics/CausalTrace.kt	if (decisionFailure != null) FailureSource.Decision else if (commandFailure != null) FailureSource.Command else null)
null-literal	actron-diagnostics/src/commonMain/kotlin/actron/diagnostics/CausalTrace.kt	input == null || parent?.incomplete == true || (parent != null && (parent.origin !in events || root !in events)) ||
null-literal	actron-diagnostics/src/commonMain/kotlin/actron/diagnostics/CausalTrace.kt	input == null || parent?.incomplete == true || (parent != null && (parent.origin !in events || root !in events)) ||
null-literal	actron-diagnostics/src/commonMain/kotlin/actron/diagnostics/CausalTrace.kt	input == null || parent?.incomplete == true || (parentCommand != null && parent == null) ||
null-literal	actron-diagnostics/src/commonMain/kotlin/actron/diagnostics/CausalTrace.kt	input == null || parent?.incomplete == true || (parentCommand != null && parent == null) ||
null-literal	actron-diagnostics/src/commonMain/kotlin/actron/diagnostics/CausalTrace.kt	input == null || parent?.incomplete == true || (parentCommand != null && parent == null) ||
null-literal	actron-diagnostics/src/commonMain/kotlin/actron/diagnostics/CausalTrace.kt	parentCommand, null, commit.decisions.flatMap { it.transitions }, commit.decisions.flatMap { it.commands }.map { it.id },
null-literal	actron-diagnostics/src/commonMain/kotlin/actron/diagnostics/CausalTrace.kt	val failureSource: FailureSource? = null,
null-literal	actron-logging/src/commonMain/kotlin/actron/logging/JournalSink.kt	logger.log(severity = severity(record), tag = tag, throwable = null) { format(record) }
null-literal	actron-logging/src/commonMain/kotlin/actron/logging/Plugin.kt	logger.log(severity = severity, tag = tag, throwable = null, message = message)
null-literal	actron-logging/src/commonMain/kotlin/actron/logging/Plugin.kt	logger.log(severity = severity, tag = tag, throwable = null, message = message)
null-literal	actron-observability/src/commonMain/kotlin/actron/observability/JournalProbe.kt	private var processingStartedAt: TimeMark? = null
null-literal	actron-observability/src/commonMain/kotlin/actron/observability/JournalProbe.kt	processingStartedAt = null
null-literal	actron-observability/src/commonMain/kotlin/actron/observability/Payload.kt	val Unavailable: FailureDescriptor = FailureDescriptor(type = null)
null-literal	actron-observability/src/commonMain/kotlin/actron/observability/Payload.kt	val cause: FailureDescriptor? = null,
null-literal	actron-observability/src/commonMain/kotlin/actron/observability/Payload.kt	val message: String? = null,
null-literal	actron-observability/src/commonMain/kotlin/actron/observability/Record.kt	data class BridgeSent(val input: InputId?, val message: MessageRef, val to: StoreInstanceId, val delivered: Boolean, val cause: MessageRef? = null) : JournalEntry<Nothing, Nothing, Nothing>
null-literal	actron-observability/src/commonMain/kotlin/actron/observability/Record.kt	data class DiscardDescriptor(val kind: DiscardKind, val failure: FailureDescriptor? = null)
null-literal	actron-observability/src/commonMain/kotlin/actron/observability/Record.kt	data class OutcomeDescriptor(val kind: OutcomeKind, val commits: Int = 0, val failure: FailureDescriptor? = null)
null-literal	actron-observability/src/commonMain/kotlin/actron/observability/RecordingSession.kt	add(allocate(null, JournalEntry.JournalGap(pendingGap)).also(::retain))
null-literal	actron-observability/src/commonMain/kotlin/actron/observability/RecordingSession.kt	add(allocate(null, JournalEntry.RecordingStopped).also(::retain))
null-literal	actron-observability/src/commonMain/kotlin/actron/observability/RecordingSession.kt	fun publish(entry: JournalEntry<*, *, *>): JournalRecord<*, *, *>? = publishRecord(null, entry)
null-literal	actron-observability/src/commonMain/kotlin/actron/observability/RecordingSession.kt	return@locked null
null-literal	actron-observability/src/commonMain/kotlin/actron/observability/RecordingSession.kt	val gap = allocate(null, JournalEntry.JournalGap(pendingGap))
null-literal	actron-observability/src/commonMain/kotlin/actron/observability/file/Bytes.kt	bool(value != null)
null-literal	actron-observability/src/commonMain/kotlin/actron/observability/file/Bytes.kt	fun <T> nullable(read: () -> T): T? = if (bool()) read() else null
null-literal	actron-observability/src/commonMain/kotlin/actron/observability/file/Bytes.kt	if (value != null) write(value)
null-literal	actron-observability/src/commonMain/kotlin/actron/observability/file/Framing.kt	val mark = if (trailing > 0) SegmentMark.Corrupt(name, reader.position, frames.size, "$trailing bytes after the end frame") else null
null-literal	actron-observability/src/commonMain/kotlin/actron/observability/file/JournalFileFormat.kt	15 -> JournalEntry.BridgeSent(nullable { InputId(i64()) }, message(), StoreInstanceId(string()), bool(), if (recordFormatVersion >= 7) nullable { message() } else null)
null-literal	actron-observability/src/commonMain/kotlin/actron/observability/file/JournalFileFormat.kt	if (!name.endsWith(EXTENSION)) return null
null-literal	actron-observability/src/commonMain/kotlin/actron/observability/file/JournalFileFormat.kt	if (dash <= 0) return null
null-literal	actron-observability/src/commonMain/kotlin/actron/observability/file/JournalFileFormat.kt	null -> SegmentMark.Corrupt(name, MAGIC.size, 0, "ended before the header")
null-literal	actron-observability/src/commonMain/kotlin/actron/observability/file/JournalFileFormat.kt	return DecodedSegment(null, emptyList(), SegmentMark.Corrupt(name, frames[0].offset, 0, "header: ${e.message}"), finished = false)
null-literal	actron-observability/src/commonMain/kotlin/actron/observability/file/JournalFileFormat.kt	return DecodedSegment(null, emptyList(), mark, finished = false)
null-literal	actron-observability/src/commonMain/kotlin/actron/observability/file/JournalFileFormat.kt	val index = stem.substring(dash + 1).takeIf { it.length == 6 }?.toIntOrNull() ?: return null
null-literal	actron-observability/src/commonMain/kotlin/actron/observability/file/JournalFileSink.kt	get() = locked { if (output != null) JournalFileFormat.segmentName(checkNotNull(session), index) else null }
null-literal	actron-observability/src/commonMain/kotlin/actron/observability/file/JournalFileSink.kt	get() = locked { if (output != null) JournalFileFormat.segmentName(checkNotNull(session), index) else null }
null-literal	actron-observability/src/commonMain/kotlin/actron/observability/file/JournalFileSink.kt	if (failure == null) throw t
null-literal	actron-observability/src/commonMain/kotlin/actron/observability/file/JournalFileSink.kt	if (session != null) require(record.session == session && record.group == group) {
null-literal	actron-observability/src/commonMain/kotlin/actron/observability/file/JournalFileSink.kt	if (session == null) begin(record)
null-literal	actron-observability/src/commonMain/kotlin/actron/observability/file/JournalFileSink.kt	private var group: MachineGroupId? = null
null-literal	actron-observability/src/commonMain/kotlin/actron/observability/file/JournalFileSink.kt	private var mode: ExecutionMode? = null
null-literal	actron-observability/src/commonMain/kotlin/actron/observability/file/JournalFileSink.kt	private var output: SegmentOutput? = null
null-literal	actron-observability/src/commonMain/kotlin/actron/observability/file/JournalFileSink.kt	private var session: RuntimeSessionId? = null
null-literal	actron-observability/src/commonMain/kotlin/actron/observability/file/JournalFileSink.kt	this.output = null
null-literal	actron-observability/src/commonMain/kotlin/actron/observability/file/JournalFileSink.kt	this.output = null
null-literal	actron-observability/src/commonMain/kotlin/actron/observability/file/JournalFileSink.kt	var failure: Throwable? = null
null-literal	actron-observability/src/commonMain/kotlin/actron/observability/file/JournalFiles.kt	if (previous != null && seq != previous + 1) {
null-literal	actron-observability/src/commonMain/kotlin/actron/observability/file/JournalFiles.kt	var previousSeq: Long? = null
null-literal	actron-observability/src/iosMain/kotlin/actron/observability/file/FileSegmentStorage.kt	require(existing != null) { "[Actron] Not an accessible directory: $directory (errno $errno)" }
null-literal	actron-statechart-test/src/commonMain/kotlin/actron/statechart/test/BehaviouralArtifacts.kt	append("Transition coverage: ${if (before == null) "absent" else percent(oldCovered.size, oldRows.size)} -> ${percent(newCovered.size, newRows.size)}\n")
null-literal	actron-statechart-test/src/commonMain/kotlin/actron/statechart/test/BehaviouralArtifacts.kt	if (before != null && before.model != after.model && before.version == after.version) append("VERSION BUMP REQUIRED\n")
null-literal	actron-statechart-test/src/commonMain/kotlin/actron/statechart/test/BehaviouralArtifacts.kt	require(before == null || before.definition == after.definition) { "[Actron] Review requires one logical definition" }
null-literal	actron-statechart-test/src/commonMain/kotlin/actron/statechart/test/CoverageRecorder.kt	fun MachineCoverage.describe(chart: StateChartDefinition? = null): String = buildString {
null-literal	actron-statechart-test/src/commonMain/kotlin/actron/statechart/test/CoverageRecorder.kt	private val expectedGuards = machine.chart.transitions.withIndex().filter { it.value.guard != null }.flatMap {
null-literal	actron-statechart-test/src/commonMain/kotlin/actron/statechart/test/CoverageTargets.kt	CoverageTarget.AllGuardOutcomes -> CoverageRequirements(guards = transitions.withIndex().filter { it.value.guard != null }.flatMap {
null-literal	actron-statechart-test/src/commonMain/kotlin/actron/statechart/test/CoverageTargets.kt	transitions.getOrNull(it.transition.index)?.guard != null
null-literal	actron-statechart-test/src/commonMain/kotlin/actron/statechart/test/Exploration.kt	decisionFailure = outcome?.failure?.takeIf { enforced == null },
null-literal	actron-statechart-test/src/commonMain/kotlin/actron/statechart/test/Exploration.kt	else -> null
null-literal	actron-statechart-test/src/commonMain/kotlin/actron/statechart/test/Exploration.kt	if (decisions >= maxDecisions || failures.size >= maxFailures) { truncated = true; return null }
null-literal	actron-statechart-test/src/commonMain/kotlin/actron/statechart/test/Exploration.kt	if (failure != null) { failures += failure; return null }
null-literal	actron-statechart-test/src/commonMain/kotlin/actron/statechart/test/Exploration.kt	if (failure != null) { failures += failure; return null }
null-literal	actron-statechart-test/src/commonMain/kotlin/actron/statechart/test/Exploration.kt	if (next != null) queue.addLast(next)
null-literal	actron-statechart-test/src/commonMain/kotlin/actron/statechart/test/Exploration.kt	if (previous == null || inputs.size < previous.inputs.size) {
null-literal	actron-statechart-test/src/commonMain/kotlin/actron/statechart/test/Exploration.kt	return if (violations.isEmpty() && outcome == null) null else SequenceFailure(
null-literal	actron-statechart-test/src/commonMain/kotlin/actron/statechart/test/Exploration.kt	return if (violations.isEmpty() && outcome == null) null else SequenceFailure(
null-literal	actron-statechart-test/src/commonMain/kotlin/actron/statechart/test/Exploration.kt	start = null
null-literal	actron-statechart-test/src/commonMain/kotlin/actron/statechart/test/Exploration.kt	val decisionFailure: FailureDescriptor? = null,
null-literal	actron-statechart-test/src/commonMain/kotlin/actron/statechart/test/Exploration.kt	val definition: DefinitionId? = null,
null-literal	actron-statechart-test/src/commonMain/kotlin/actron/statechart/test/Exploration.kt	val version: DefinitionVersion? = null,
null-literal	actron-statechart-test/src/commonMain/kotlin/actron/statechart/test/Exploration.kt	while (path != null && path.depth < maxDepth && !truncated) {
null-literal	actron-statechart-test/src/commonMain/kotlin/actron/statechart/test/Settle.kt	suspend fun <C, A : Action, CMD, E : Event> MachineStore<C, A, CMD, E>.assertNoPendingWork(recorder: StoreRecorder<MachineSnapshot<C>, A, E>? = null) {
null-literal	actron-statechart-test/src/commonMain/kotlin/actron/statechart/test/Shrinking.kt	if (failure != null && preservesFailure(original, failure)) {
null-literal	actron-statechart-test/src/commonMain/kotlin/actron/statechart/test/Shrinking.kt	return null
null-literal	actron-statechart-test/src/commonMain/kotlin/actron/statechart/test/TestPlan.kt	if (failure != null) return ScenarioResult(scenario, snapshot, recorder.snapshot(), failure)
null-literal	actron-statechart-test/src/commonMain/kotlin/actron/statechart/test/TestPlan.kt	if (previous != null && previous <= chosen.size) return
null-literal	actron-statechart-test/src/commonMain/kotlin/actron/statechart/test/TestPlan.kt	require(time == null || input.now >= time) { "[Actron] Scenario moved logical time backwards" }
null-literal	actron-statechart-test/src/commonMain/kotlin/actron/statechart/test/TestPlan.kt	val failure: SequenceFailure<C, A>? = null,
null-literal	actron-statechart-test/src/commonMain/kotlin/actron/statechart/test/TestPlan.kt	var time: MachineTime? = null
null-literal	actron-statechart/src/commonMain/kotlin/actron/statechart/Analysis.kt	(query.guard == null || t.guard == query.guard) && (query.effect == null || t.effect == query.effect)
null-literal	actron-statechart/src/commonMain/kotlin/actron/statechart/Analysis.kt	(query.guard == null || t.guard == query.guard) && (query.effect == null || t.effect == query.effect)
null-literal	actron-statechart/src/commonMain/kotlin/actron/statechart/Analysis.kt	fun matches(id: StateId, candidates: Set<StateId>?): Boolean = candidates == null || id in candidates ||
null-literal	actron-statechart/src/commonMain/kotlin/actron/statechart/Analysis.kt	if (childrenOf(null).any { isComplete(current, it.id) }) terminal += current else dead += current
null-literal	actron-statechart/src/commonMain/kotlin/actron/statechart/Analysis.kt	if (state is HistoryState && state.default != null) require(node(state.default) !is HistoryState &&
null-literal	actron-statechart/src/commonMain/kotlin/actron/statechart/Analysis.kt	matches(t.source, query.sources) && matches(t.target, query.targets) && (query.trigger == null || t.trigger == query.trigger) &&
null-literal	actron-statechart/src/commonMain/kotlin/actron/statechart/Analysis.kt	require(states.map { it.id }.distinct().size == states.size && node(initial) != null) { "[Actron] Analysis requires declared unique states" }
null-literal	actron-statechart/src/commonMain/kotlin/actron/statechart/Analysis.kt	require(transitions.all { node(it.source) != null && node(it.target) != null }) { "[Actron] Analysis requires declared endpoints" }
null-literal	actron-statechart/src/commonMain/kotlin/actron/statechart/Analysis.kt	require(transitions.all { node(it.source) != null && node(it.target) != null }) { "[Actron] Analysis requires declared endpoints" }
null-literal	actron-statechart/src/commonMain/kotlin/actron/statechart/Analysis.kt	val sources: Set<StateId>? = null, val targets: Set<StateId>? = null,
null-literal	actron-statechart/src/commonMain/kotlin/actron/statechart/Analysis.kt	val sources: Set<StateId>? = null, val targets: Set<StateId>? = null,
null-literal	actron-statechart/src/commonMain/kotlin/actron/statechart/Analysis.kt	val structurallyUnreachable: Set<StateId>? get() = if (truncated) null else unreached
null-literal	actron-statechart/src/commonMain/kotlin/actron/statechart/Analysis.kt	val trigger: Trigger? = null, val guard: String? = null, val effect: String? = null,
null-literal	actron-statechart/src/commonMain/kotlin/actron/statechart/Analysis.kt	val trigger: Trigger? = null, val guard: String? = null, val effect: String? = null,
null-literal	actron-statechart/src/commonMain/kotlin/actron/statechart/Analysis.kt	val trigger: Trigger? = null, val guard: String? = null, val effect: String? = null,
null-literal	actron-statechart/src/commonMain/kotlin/actron/statechart/Analysis.kt	while (parent != null) {
null-literal	actron-statechart/src/commonMain/kotlin/actron/statechart/Configuration.kt	StateConfiguration(active = inEntryOrder(entrySet(listOf(null to initial), history = emptyMap())).toSet())
null-literal	actron-statechart/src/commonMain/kotlin/actron/statechart/Configuration.kt	default != null -> listOf(default)
null-literal	actron-statechart/src/commonMain/kotlin/actron/statechart/Configuration.kt	fun restorable(id: StateId): Boolean = node(id).let { it != null && it !is HistoryState } && isDescendant(id, parent.id)
null-literal	actron-statechart/src/commonMain/kotlin/actron/statechart/Configuration.kt	if (initial != null && initial !is HistoryState && initial.parent == id && !hasEnteredDescendant(id)) enterDescendants(initial.id)
null-literal	actron-statechart/src/commonMain/kotlin/actron/statechart/Configuration.kt	if (node is HistoryState && restored != null) {
null-literal	actron-statechart/src/commonMain/kotlin/actron/statechart/Configuration.kt	if (parent !is CompoundState && parent !is ParallelState) return null
null-literal	actron-statechart/src/commonMain/kotlin/actron/statechart/Configuration.kt	if (trigger.on == null) return microstep(configuration, listOf(trigger))
null-literal	actron-statechart/src/commonMain/kotlin/actron/statechart/Configuration.kt	return configuration.active.filter { domain == null || isDescendant(it, domain) }
null-literal	actron-statechart/src/commonMain/kotlin/actron/statechart/Configuration.kt	return if (fallback.all(::restorable)) fallback else null
null-literal	actron-statechart/src/commonMain/kotlin/actron/statechart/Conformance.kt	exited += tracked.active.filter { domain == null || definition.isDescendant(it, domain) }
null-literal	actron-statechart/src/commonMain/kotlin/actron/statechart/Conformance.kt	if (action != null && domains.size == chosen.size && chosen.all { it.isTimer }) trigger = action
null-literal	actron-statechart/src/commonMain/kotlin/actron/statechart/Conformance.kt	if (action != null && explained.all { it.isTimer }) trigger = action
null-literal	actron-statechart/src/commonMain/kotlin/actron/statechart/Conformance.kt	if (action == null) return candidates.firstNotNullOfOrNull(::alone)
null-literal	actron-statechart/src/commonMain/kotlin/actron/statechart/Conformance.kt	if (candidates.isEmpty() || action == null) {
null-literal	actron-statechart/src/commonMain/kotlin/actron/statechart/Conformance.kt	if (domains.any { it == null || definition.isDescendant(leaf, it) }) continue
null-literal	actron-statechart/src/commonMain/kotlin/actron/statechart/Conformance.kt	if (explained != null) {
null-literal	actron-statechart/src/commonMain/kotlin/actron/statechart/Conformance.kt	if (explained == null) explained = taken.transitions
null-literal	actron-statechart/src/commonMain/kotlin/actron/statechart/Conformance.kt	if (taken != null) {
null-literal	actron-statechart/src/commonMain/kotlin/actron/statechart/Conformance.kt	if (transitions.isEmpty()) return null
null-literal	actron-statechart/src/commonMain/kotlin/actron/statechart/Conformance.kt	private var lastAction: A? = null
null-literal	actron-statechart/src/commonMain/kotlin/actron/statechart/Conformance.kt	private var trigger: A? = null
null-literal	actron-statechart/src/commonMain/kotlin/actron/statechart/Conformance.kt	return null
null-literal	actron-statechart/src/commonMain/kotlin/actron/statechart/Conformance.kt	trigger = null
null-literal	actron-statechart/src/commonMain/kotlin/actron/statechart/Conformance.kt	val enabled = automatic.filter { it.guard == null }.toSet() + guarded.filterIndexed { i, _ -> mask and (1 shl i) != 0 }
null-literal	actron-statechart/src/commonMain/kotlin/actron/statechart/Conformance.kt	val guarded = automatic.filter { it.guard != null }.take(MAX_GUARD_ENUMERATION)
null-literal	actron-statechart/src/commonMain/kotlin/actron/statechart/Conformance.kt	val reported = to.filter { domain == null || definition.isDescendant(it, domain) }
null-literal	actron-statechart/src/commonMain/kotlin/actron/statechart/Conformance.kt	val reported = to.filter { domain == null || definition.isDescendant(it, domain) }
null-literal	actron-statechart/src/commonMain/kotlin/actron/statechart/Conformance.kt	val taken = if (action == null) {
null-literal	actron-statechart/src/commonMain/kotlin/actron/statechart/Conformance.kt	var explained: List<Transition>? = null
null-literal	actron-statechart/src/commonMain/kotlin/actron/statechart/Dsl.kt	class StateChartBuilder internal constructor(private val parent: StateId? = null) {
null-literal	actron-statechart/src/commonMain/kotlin/actron/statechart/Dsl.kt	fun history(id: StateId, deep: Boolean = false, default: StateId? = null) {
null-literal	actron-statechart/src/commonMain/kotlin/actron/statechart/Dsl.kt	internal var effect: String? = null
null-literal	actron-statechart/src/commonMain/kotlin/actron/statechart/Dsl.kt	internal var guard: String? = null
null-literal	actron-statechart/src/commonMain/kotlin/actron/statechart/Mermaid.kt	appendTransitions(null, " ")
null-literal	actron-statechart/src/commonMain/kotlin/actron/statechart/Mermaid.kt	fun containerChain(id: StateId): List<StateId?> = generateSequence(containerOf(id)) { containerOf(it) }.toList() + null
null-literal	actron-statechart/src/commonMain/kotlin/actron/statechart/Mermaid.kt	if (container != null) containers[node.id] = container
null-literal	actron-statechart/src/commonMain/kotlin/actron/statechart/Mermaid.kt	if (containerOf(id) == null && !isBlock(node) && (refs.getValue(id) != id.value || node is HistoryState)) {
null-literal	actron-statechart/src/commonMain/kotlin/actron/statechart/Mermaid.kt	if (isBlock(node) && containerOf(node.id) == null) appendBlock(node, " ")
null-literal	actron-statechart/src/commonMain/kotlin/actron/statechart/Mermaid.kt	if (node.id !in placed && (parent == null || node(parent).let { it !is CompoundState && it !is ParallelState })) place(node, null)
null-literal	actron-statechart/src/commonMain/kotlin/actron/statechart/Mermaid.kt	if (node.id !in placed && (parent == null || node(parent).let { it !is CompoundState && it !is ParallelState })) place(node, null)
null-literal	actron-statechart/src/commonMain/kotlin/actron/statechart/Mermaid.kt	if (node.id !in placed) place(node, null)
null-literal	actron-statechart/src/commonMain/kotlin/actron/statechart/Mermaid.kt	while (block != null && hierarchy.nodes[block] is ParallelState) block = containerOf(block)
null-literal	actron-statechart/src/commonMain/kotlin/actron/statechart/Model.kt	data class FinalState(override val id: StateId, override val parent: StateId? = null) : StateNode
null-literal	actron-statechart/src/commonMain/kotlin/actron/statechart/Model.kt	effect: String? = null,
null-literal	actron-statechart/src/commonMain/kotlin/actron/statechart/Model.kt	guard: String? = null,
null-literal	actron-statechart/src/commonMain/kotlin/actron/statechart/Model.kt	override val parent: StateId? = null,
null-literal	actron-statechart/src/commonMain/kotlin/actron/statechart/Model.kt	override val parent: StateId? = null,
null-literal	actron-statechart/src/commonMain/kotlin/actron/statechart/Model.kt	override val parent: StateId? = null,
null-literal	actron-statechart/src/commonMain/kotlin/actron/statechart/Model.kt	return if (type != null) type.isInstance(action) else action::class.simpleName == name
null-literal	actron-statechart/src/commonMain/kotlin/actron/statechart/Model.kt	val default: StateId? = null,
null-literal	actron-statechart/src/commonMain/kotlin/actron/statechart/Model.kt	val effect: String? = null,
null-literal	actron-statechart/src/commonMain/kotlin/actron/statechart/Model.kt	val guard: String? = null,
null-literal	actron-statechart/src/commonMain/kotlin/actron/statechart/Model.kt	val type: KClass<out Action>? = null,
null-literal	actron-statechart/src/commonMain/kotlin/actron/statechart/Model.kt	while (current != null && current != id && current !in chain && current in nodes) {
null-literal	actron-statechart/src/commonMain/kotlin/actron/statechart/Runtime.kt	fireObserved(configuration, state, timer, null)
null-literal	actron-statechart/src/commonMain/kotlin/actron/statechart/Runtime.kt	fun automaticStep(configuration: StateConfiguration, state: S): StepResult = automaticObserved(configuration, state, null)
null-literal	actron-statechart/src/commonMain/kotlin/actron/statechart/Runtime.kt	observe?.invoke(transition, null, error)
null-literal	actron-statechart/src/commonMain/kotlin/actron/statechart/Runtime.kt	observe?.invoke(transition, result, null)
null-literal	actron-statechart/src/commonMain/kotlin/actron/statechart/Runtime.kt	stepObserved(configuration, state, action, null)
null-literal	actron-statechart/src/commonMain/kotlin/actron/statechart/StateChartStore.kt	if (failure == null) {
null-literal	actron-statechart/src/commonMain/kotlin/actron/statechart/StateChartStore.kt	if (fresh) for (id in active) context = enter(id, entered.getValue(id), context, null, launches, this) { event(it) }
null-literal	actron-statechart/src/commonMain/kotlin/actron/statechart/StateChartStore.kt	null -> declaredInitial.copy(context = restored.context)
null-literal	actron-statechart/src/commonMain/kotlin/actron/statechart/StateChartStore.kt	require(effects.put(label, effect) == null) { "[Actron] Effect '$label' is implemented twice" }
null-literal	actron-statechart/src/commonMain/kotlin/actron/statechart/StateChartStore.kt	require(guards.put(label, guard) == null) { "[Actron] Guard '$label' is implemented twice" }
null-literal	actron-statechart/src/commonMain/kotlin/actron/statechart/StateChartStore.kt	val fresh = state === declaredInitial || consistent == null
null-literal	actron-statechart/src/commonMain/kotlin/actron/statechart/StateChartStore.kt	var failure: Exception? = null
null-literal	actron-statechart/src/commonMain/kotlin/actron/statechart/Validation.kt	.filter { it.guard == null }
null-literal	actron-statechart/src/commonMain/kotlin/actron/statechart/Validation.kt	if (!hasConsistentActiveNodes(configuration.active)) return null
null-literal	actron-statechart/src/commonMain/kotlin/actron/statechart/Validation.kt	if (current == null || current !in walk) continue
null-literal	actron-statechart/src/commonMain/kotlin/actron/statechart/Validation.kt	if (delay != null && !delay.isPositive()) issues += ValidationIssue.NonPositiveDelay(transition)
null-literal	actron-statechart/src/commonMain/kotlin/actron/statechart/Validation.kt	if (id != root && parent != null && parent !in active) return false
null-literal	actron-statechart/src/commonMain/kotlin/actron/statechart/Validation.kt	if (node(initial) is HistoryState) issues += ValidationIssue.HistoryAsInitial(null, initial)
null-literal	actron-statechart/src/commonMain/kotlin/actron/statechart/Validation.kt	if (root != null && root !in active) return false
null-literal	actron-statechart/src/commonMain/kotlin/actron/statechart/Validation.kt	null -> issues += ValidationIssue.UnknownParent(node.id, parent)
null-literal	actron-statechart/src/commonMain/kotlin/actron/statechart/Validation.kt	private fun StateChartDefinition.hasConsistentActiveNodes(active: Set<StateId>, root: StateId? = null): Boolean {
null-literal	actron-statechart/src/commonMain/kotlin/actron/statechart/Validation.kt	return root != null || childrenOf(null).count { it.id in active } == 1
null-literal	actron-statechart/src/commonMain/kotlin/actron/statechart/Validation.kt	return root != null || childrenOf(null).count { it.id in active } == 1
null-literal	actron-statechart/src/commonMain/kotlin/actron/statechart/Validation.kt	val valid = target != null && target !is HistoryState &&
null-literal	actron-statechart/src/commonMain/kotlin/actron/statechart/Validation.kt	val withoutGuard = transitions.filter { it.guard == null }
null-literal	actron-statechart/src/commonMain/kotlin/actron/statechart/Validation.kt	var closing: Node? = null
null-literal	actron-statechart/src/commonMain/kotlin/actron/statechart/Validation.kt	while (current != null && current !in walk && node(current) != null) {
null-literal	actron-statechart/src/commonMain/kotlin/actron/statechart/Validation.kt	while (current != null && current !in walk && node(current) != null) {
null-literal	actron-statechart/src/commonMain/kotlin/actron/statechart/Validation.kt	while (queue.isNotEmpty() && closing == null) {
null-literal	actron-statechart/src/commonMain/kotlin/actron/statechart/machine/AvailableActions.kt	ActionAvailability.Executable -> null
null-literal	actron-statechart/src/commonMain/kotlin/actron/statechart/machine/AvailableActions.kt	DecisionOutcome.Handled -> null
null-literal	actron-statechart/src/commonMain/kotlin/actron/statechart/machine/AvailableActions.kt	data class ActionDeclaration(val node: StateId, val transition: TransitionId? = null)
null-literal	actron-statechart/src/commonMain/kotlin/actron/statechart/machine/AvailableActions.kt	explanation.handledBy != null || explanation.candidates.any { it.disposition == CandidateDisposition.Selected } -> ActionAvailability.Executable
null-literal	actron-statechart/src/commonMain/kotlin/actron/statechart/machine/AvailableActions.kt	if (it.result == false) GuardRejection(it.transition, it.label, guardRejectionReason(it.label)) else null
null-literal	actron-statechart/src/commonMain/kotlin/actron/statechart/machine/AvailableActions.kt	if (selection.guards.any { it.failure != null }) ActionRejectionReason.GuardFailed else ActionRejectionReason.DecisionFailed,
null-literal	actron-statechart/src/commonMain/kotlin/actron/statechart/machine/AvailableActions.kt	internal data class ActionSelection(val explanation: DecisionExplanation, val notStarted: Boolean = false, val failure: FailureDescriptor? = null)
null-literal	actron-statechart/src/commonMain/kotlin/actron/statechart/machine/AvailableActions.kt	reason: ActionRejectionReason, selection: DecisionExplanation, failure: FailureDescriptor? = null,
null-literal	actron-statechart/src/commonMain/kotlin/actron/statechart/machine/AvailableActions.kt	selected.failure != null -> ActionAvailability.GuardFailed
null-literal	actron-statechart/src/commonMain/kotlin/actron/statechart/machine/AvailableActions.kt	val failure: FailureDescriptor? = null,
null-literal	actron-statechart/src/commonMain/kotlin/actron/statechart/machine/AvailableActions.kt	val rejection: RejectionExplanation? = null,
null-literal	actron-statechart/src/commonMain/kotlin/actron/statechart/machine/Causality.kt	else -> null
null-literal	actron-statechart/src/commonMain/kotlin/actron/statechart/machine/Causality.kt	if (input != null) for (command in decision.commands) commands[command.id] = input
null-literal	actron-statechart/src/commonMain/kotlin/actron/statechart/machine/Causality.kt	if (input == null) return
null-literal	actron-statechart/src/commonMain/kotlin/actron/statechart/machine/Causality.kt	incomplete = command != null && (parent == null || cause == null || cause.incomplete))).takeLast(capacity)
null-literal	actron-statechart/src/commonMain/kotlin/actron/statechart/machine/Causality.kt	incomplete = command != null && (parent == null || cause == null || cause.incomplete))).takeLast(capacity)
null-literal	actron-statechart/src/commonMain/kotlin/actron/statechart/machine/Causality.kt	incomplete = command != null && (parent == null || cause == null || cause.incomplete))).takeLast(capacity)
null-literal	actron-statechart/src/commonMain/kotlin/actron/statechart/machine/Causality.kt	val command: CommandId? = null,
null-literal	actron-statechart/src/commonMain/kotlin/actron/statechart/machine/Causality.kt	val parent: InputId? = null,
null-literal	actron-statechart/src/commonMain/kotlin/actron/statechart/machine/Causality.kt	val source: SourceId? = null,
null-literal	actron-statechart/src/commonMain/kotlin/actron/statechart/machine/Decision.kt	require((lane == null) == (policy == null)) { "[Actron] A lane needs a policy and a policy needs a lane" }
null-literal	actron-statechart/src/commonMain/kotlin/actron/statechart/machine/Decision.kt	require((lane == null) == (policy == null)) { "[Actron] A lane needs a policy and a policy needs a lane" }
null-literal	actron-statechart/src/commonMain/kotlin/actron/statechart/machine/Decision.kt	val lane: LaneId? = null,
null-literal	actron-statechart/src/commonMain/kotlin/actron/statechart/machine/Decision.kt	val policy: ConcurrencyPolicy? = null,
null-literal	actron-statechart/src/commonMain/kotlin/actron/statechart/machine/Durable.kt	if (existing != null) {
null-literal	actron-statechart/src/commonMain/kotlin/actron/statechart/machine/Durable.kt	if (failed != null) throw (failed.outcome as DecisionOutcome.Failed).cause
null-literal	actron-statechart/src/commonMain/kotlin/actron/statechart/machine/Durable.kt	if (key == null) {
null-literal	actron-statechart/src/commonMain/kotlin/actron/statechart/machine/Durable.kt	if (previous == null) outbox[key] = DurableCommand(key, registration.command, registration.id)
null-literal	actron-statechart/src/commonMain/kotlin/actron/statechart/machine/Durable.kt	if (result != null) {
null-literal	actron-statechart/src/commonMain/kotlin/actron/statechart/machine/Durable.kt	persist(null, DurableCheckpoint(0, decision.snapshot, now), listOf(decision))
null-literal	actron-statechart/src/commonMain/kotlin/actron/statechart/machine/Durable.kt	require(expected == null || expected < Long.MAX_VALUE) { "[Actron] Storage generation exhausted" }
null-literal	actron-statechart/src/commonMain/kotlin/actron/statechart/machine/Durable.kt	require(previous == null || previous.command == registration.command) { "[Actron] Idempotency key reused with different command: ${key.value}" }
null-literal	actron-statechart/src/commonMain/kotlin/actron/statechart/machine/Durable.kt	val next = base.copy(generation = if (expected == null) 0 else expected + 1, snapshot = snapshot, outbox = outbox.toMap(), ephemeral = registrations)
null-literal	actron-statechart/src/commonMain/kotlin/actron/statechart/machine/Durable.kt	val pending = base.outbox.values.firstOrNull { it.status == DurableStatus.Pending } ?: return@reserve null
null-literal	actron-statechart/src/commonMain/kotlin/actron/statechart/machine/Durable.kt	} ?: return@drain null
null-literal	actron-statechart/src/commonMain/kotlin/actron/statechart/machine/Explanation.kt	guards.any { it.transition == id && it.failure != null } -> CandidateDisposition.GuardFailed
null-literal	actron-statechart/src/commonMain/kotlin/actron/statechart/machine/Explanation.kt	val failure: FailureDescriptor? = null,
null-literal	actron-statechart/src/commonMain/kotlin/actron/statechart/machine/Explanation.kt	val guardFailed = guards.any { it.failure != null }
null-literal	actron-statechart/src/commonMain/kotlin/actron/statechart/machine/Explanation.kt	val handledBy: StateId? = null,
null-literal	actron-statechart/src/commonMain/kotlin/actron/statechart/machine/Explanation.kt	var handledBy: StateId? = null
null-literal	actron-statechart/src/commonMain/kotlin/actron/statechart/machine/Group.kt	(inFlightTargets.remove(BridgeMessage(machineInput.message, id)) != null) to !isReachable
null-literal	actron-statechart/src/commonMain/kotlin/actron/statechart/machine/Group.kt	class MachineGroup(private val session: RecordingSession? = null) {
null-literal	actron-statechart/src/commonMain/kotlin/actron/statechart/machine/Group.kt	class Route internal constructor(val from: StoreInstanceId, val to: StoreInstanceId, internal val map: (Event) -> Action?, val pair: RoutePair? = null) {
null-literal	actron-statechart/src/commonMain/kotlin/actron/statechart/machine/Group.kt	fun <E : Event, A : Action> route(from: StoreInstanceId, to: StoreInstanceId, map: (E) -> A?): Route = register(from, to, map, pair = null)
null-literal	actron-statechart/src/commonMain/kotlin/actron/statechart/machine/Group.kt	if (completed == null) return null
null-literal	actron-statechart/src/commonMain/kotlin/actron/statechart/machine/Group.kt	if (completed == null) return null
null-literal	actron-statechart/src/commonMain/kotlin/actron/statechart/machine/Group.kt	if (previous == null) failure = t else if (previous !== t) previous.addSuppressed(t)
null-literal	actron-statechart/src/commonMain/kotlin/actron/statechart/machine/Group.kt	if (primary == null) failure?.let { throw it }
null-literal	actron-statechart/src/commonMain/kotlin/actron/statechart/machine/Group.kt	if (remaining <= Duration.ZERO || !store.awaitIdle(remaining).isIdle) return null
null-literal	actron-statechart/src/commonMain/kotlin/actron/statechart/machine/Group.kt	if (remaining <= Duration.ZERO) return null
null-literal	actron-statechart/src/commonMain/kotlin/actron/statechart/machine/Group.kt	internal var store: MachineStoreImpl<C, A, CMD, E>? = null
null-literal	actron-statechart/src/commonMain/kotlin/actron/statechart/machine/Group.kt	null
null-literal	actron-statechart/src/commonMain/kotlin/actron/statechart/machine/Group.kt	return null
null-literal	actron-statechart/src/commonMain/kotlin/actron/statechart/machine/Group.kt	session?.publish(id, JournalEntry.BridgeSent(input, message.toRef(), route.to, delivered = target != null, cause = cause))
null-literal	actron-statechart/src/commonMain/kotlin/actron/statechart/machine/Group.kt	val target = if (member == null || store == null || !member.isReachable) {
null-literal	actron-statechart/src/commonMain/kotlin/actron/statechart/machine/Group.kt	val target = if (member == null || store == null || !member.isReachable) {
null-literal	actron-statechart/src/commonMain/kotlin/actron/statechart/machine/Group.kt	var failure: Throwable? = null
null-literal	actron-statechart/src/commonMain/kotlin/actron/statechart/machine/Invariants.kt	data class InvariantViolation(val name: String, val failure: FailureDescriptor? = null)
null-literal	actron-statechart/src/commonMain/kotlin/actron/statechart/machine/Invariants.kt	if (invariant.predicate(snapshot)) null else InvariantViolation(invariant.name)
null-literal	actron-statechart/src/commonMain/kotlin/actron/statechart/machine/Invocation.kt	childSnapshot = null
null-literal	actron-statechart/src/commonMain/kotlin/actron/statechart/machine/Invocation.kt	data class InvocationSnapshot<PC, CC>(val parent: MachineSnapshot<PC>, val child: MachineSnapshot<CC>? = null, val owner: ActivationId? = null)
null-literal	actron-statechart/src/commonMain/kotlin/actron/statechart/machine/Invocation.kt	data class InvocationSnapshot<PC, CC>(val parent: MachineSnapshot<PC>, val child: MachineSnapshot<CC>? = null, val owner: ActivationId? = null)
null-literal	actron-statechart/src/commonMain/kotlin/actron/statechart/machine/Invocation.kt	data class Routed<PA : Action, CA : Action>(val input: InvocationInput<PA, CA>, val originatingOwner: ActivationId? = null)
null-literal	actron-statechart/src/commonMain/kotlin/actron/statechart/machine/Invocation.kt	if (currentOwner != null) for (effect in decision.effects) toChild(effect.event)?.let {
null-literal	actron-statechart/src/commonMain/kotlin/actron/statechart/machine/Invocation.kt	if (nextOwner != null) {
null-literal	actron-statechart/src/commonMain/kotlin/actron/statechart/machine/Invocation.kt	if (routed.originatingOwner != null && routed.originatingOwner != owner) continue
null-literal	actron-statechart/src/commonMain/kotlin/actron/statechart/machine/Invocation.kt	if (snapshot == null || owner != next.owner) { ignored = DecisionOutcome.Ignored(IgnoreReason.NotStarted); continue }
null-literal	actron-statechart/src/commonMain/kotlin/actron/statechart/machine/Invocation.kt	private val toChild: (PE) -> CA? = { null },
null-literal	actron-statechart/src/commonMain/kotlin/actron/statechart/machine/Invocation.kt	private val toParent: (CE) -> PA? = { null },
null-literal	actron-statechart/src/commonMain/kotlin/actron/statechart/machine/Invocation.kt	require((base.child == null) == (base.owner == null)) { "[Actron] Child snapshot and owner must coexist" }
null-literal	actron-statechart/src/commonMain/kotlin/actron/statechart/machine/Invocation.kt	require((base.child == null) == (base.owner == null)) { "[Actron] Child snapshot and owner must coexist" }
null-literal	actron-statechart/src/commonMain/kotlin/actron/statechart/machine/Invocation.kt	require(parent.chart.node(node) != null) { "[Actron] Invocation owner is undeclared" }
null-literal	actron-statechart/src/commonMain/kotlin/actron/statechart/machine/Lanes.kt	null -> start(registration)
null-literal	actron-statechart/src/commonMain/kotlin/actron/statechart/machine/Machine.kt	chart.childrenOf(null).any { chart.isComplete(snapshot.configuration, it.id) }
null-literal	actron-statechart/src/commonMain/kotlin/actron/statechart/machine/Machine.kt	decideObserved(snapshot, input, null)
null-literal	actron-statechart/src/commonMain/kotlin/actron/statechart/machine/Machine.kt	if (error == null && result != false) trace.enabled += id
null-literal	actron-statechart/src/commonMain/kotlin/actron/statechart/machine/Machine.kt	if (trace == null) return null
null-literal	actron-statechart/src/commonMain/kotlin/actron/statechart/machine/Machine.kt	if (trace == null) return null
null-literal	actron-statechart/src/commonMain/kotlin/actron/statechart/machine/Machine.kt	override fun command(command: CMD): CommandId = register(command, lane = null, policy = null)
null-literal	actron-statechart/src/commonMain/kotlin/actron/statechart/machine/Machine.kt	override fun command(command: CMD): CommandId = register(command, lane = null, policy = null)
null-literal	actron-statechart/src/commonMain/kotlin/actron/statechart/machine/Machine.kt	override fun command(command: CMD): CommandId = register(command, lane = null, policy = null)
null-literal	actron-statechart/src/commonMain/kotlin/actron/statechart/machine/Machine.kt	override fun command(command: CMD): CommandId = register(command, lane = null, policy = null)
null-literal	actron-statechart/src/commonMain/kotlin/actron/statechart/machine/Machine.kt	require(effects.put(label, effect) == null) { "[Actron] Effect '$label' is implemented twice" }
null-literal	actron-statechart/src/commonMain/kotlin/actron/statechart/machine/Machine.kt	require(guards.put(label, guard) == null) { "[Actron] Guard '$label' is implemented twice" }
null-literal	actron-statechart/src/commonMain/kotlin/actron/statechart/machine/Machine.kt	return Step(snapshot, input, action = null).apply {
null-literal	actron-statechart/src/commonMain/kotlin/actron/statechart/machine/Machine.kt	return null
null-literal	actron-statechart/src/commonMain/kotlin/actron/statechart/machine/Machine.kt	val (node, handler) = findHandler(base, action) ?: return null
null-literal	actron-statechart/src/commonMain/kotlin/actron/statechart/machine/MachineStore.kt	handingOff = null
null-literal	actron-statechart/src/commonMain/kotlin/actron/statechart/machine/MachineStore.kt	if (explained != null) observe { observer ->
null-literal	actron-statechart/src/commonMain/kotlin/actron/statechart/machine/MachineStore.kt	if (limit != null && waiting >= limit) {
null-literal	actron-statechart/src/commonMain/kotlin/actron/statechart/machine/MachineStore.kt	if (rejection != null) return@gated rejection
null-literal	actron-statechart/src/commonMain/kotlin/actron/statechart/machine/MachineStore.kt	if (settled != null) return StorePendingWork(0, 0)
null-literal	actron-statechart/src/commonMain/kotlin/actron/statechart/machine/MachineStore.kt	locked(tracking) { registering = null }
null-literal	actron-statechart/src/commonMain/kotlin/actron/statechart/machine/MachineStore.kt	null
null-literal	actron-statechart/src/commonMain/kotlin/actron/statechart/machine/MachineStore.kt	null
null-literal	actron-statechart/src/commonMain/kotlin/actron/statechart/machine/MachineStore.kt	pending = null
null-literal	actron-statechart/src/commonMain/kotlin/actron/statechart/machine/MachineStore.kt	private var handingOff: Submission<A>? = null
null-literal	actron-statechart/src/commonMain/kotlin/actron/statechart/machine/MachineStore.kt	private var pending: Pending<C, A, CMD, E>? = null
null-literal	actron-statechart/src/commonMain/kotlin/actron/statechart/machine/MachineStore.kt	private var pluginScope: PluginScope<MachineSnapshot<C>, MachineInput<A>>? = null
null-literal	actron-statechart/src/commonMain/kotlin/actron/statechart/machine/MachineStore.kt	private var registering: Submission<A>? = null
null-literal	actron-statechart/src/commonMain/kotlin/actron/statechart/machine/MachineStore.kt	val completion: CompletableDeferred<Unit>? = null,
null-literal	actron-statechart/src/commonMain/kotlin/actron/statechart/machine/MachineStore.kt	val explained = if (observers.any { it is DecisionExplanationObserver || it is DecisionTraceObserver<*, *, *, *> }) machine.decideExplained(snapshot, input) else null
null-literal	actron-statechart/src/commonMain/kotlin/actron/statechart/machine/Mailbox.kt	EffectPolicy.Transient -> null
null-literal	actron-statechart/src/commonMain/kotlin/actron/statechart/machine/Mailbox.kt	data class Latest(val key: String, val maxAttempts: Int? = null) : EffectPolicy {
null-literal	actron-statechart/src/commonMain/kotlin/actron/statechart/machine/Mailbox.kt	data class Retained(val maxAttempts: Int? = null) : EffectPolicy {
null-literal	actron-statechart/src/commonMain/kotlin/actron/statechart/machine/Mailbox.kt	entries.firstOrNull { it.handler == null }?.also {
null-literal	actron-statechart/src/commonMain/kotlin/actron/statechart/machine/Mailbox.kt	for (entry in held) if (entry !in spent) entry.handler = null
null-literal	actron-statechart/src/commonMain/kotlin/actron/statechart/machine/Mailbox.kt	fun pending(): PendingEffect<E> = PendingEffect(id, event, policy, attempts, handler != null)
null-literal	actron-statechart/src/commonMain/kotlin/actron/statechart/machine/Mailbox.kt	if (queued != null) {
null-literal	actron-statechart/src/commonMain/kotlin/actron/statechart/machine/Mailbox.kt	if (taken == null) {
null-literal	actron-statechart/src/commonMain/kotlin/actron/statechart/machine/Mailbox.kt	private fun budget(maxAttempts: Int?): String = if (maxAttempts == null) "" else "[$maxAttempts]"
null-literal	actron-statechart/src/commonMain/kotlin/actron/statechart/machine/Mailbox.kt	require(maxAttempts == null || maxAttempts >= 1) { "[Actron] maxAttempts must be at least 1" }
null-literal	actron-statechart/src/commonMain/kotlin/actron/statechart/machine/Mailbox.kt	require(maxAttempts == null || maxAttempts >= 1) { "[Actron] maxAttempts must be at least 1" }
null-literal	actron-statechart/src/commonMain/kotlin/actron/statechart/machine/Mailbox.kt	return@locked null
null-literal	actron-statechart/src/commonMain/kotlin/actron/statechart/machine/Mailbox.kt	return@locked null
null-literal	actron-statechart/src/commonMain/kotlin/actron/statechart/machine/Mailbox.kt	val oldest = entries.firstOrNull { it.handler == null } ?: break
null-literal	actron-statechart/src/commonMain/kotlin/actron/statechart/machine/Mailbox.kt	val superseded = entries.filter { it.handler == null && (it.policy as? EffectPolicy.Latest)?.key == policy.key }
null-literal	actron-statechart/src/commonMain/kotlin/actron/statechart/machine/Mailbox.kt	var handler: Any? = null
null-literal	actron-statechart/src/commonMain/kotlin/actron/statechart/machine/PluginAdapter.kt	else -> null
null-literal	actron-statechart/src/commonMain/kotlin/actron/statechart/machine/RecoveryContract.kt	val hasPersistedPayload: Boolean, val idempotencyKey: IdempotencyKey? = null, val attempts: Long = 0,
null-literal	actron-statechart/src/commonMain/kotlin/actron/statechart/machine/RecoveryContract.kt	val mayReexecute: Boolean? = null,
null-literal	actron-test/src/commonMain/kotlin/actron/test/StoreExtensions.kt	suspend fun <S : State, A : Action, E : Event> Store<S, A, E>.assertNoPendingWork(recorder: StoreRecorder<S, A, E>? = null) {
null-literal	actron-test/src/commonMain/kotlin/actron/test/StoreRecorder.kt	check(owner == null || owner === scope) { "[Actron] A StoreRecorder records one Store; create one per Store with createRecorder()" }
null-literal	actron-test/src/commonMain/kotlin/actron/test/StoreRecorder.kt	private var owner: PluginScope<S, A>? = null
null-literal	actron-timetravel-compose/src/commonMain/kotlin/actron/timetravel/compose/BranchControls.kt	BranchDecision(index++, owner, if (store == null || owner == store) cause else "bridge", decision, diff)
null-literal	actron-timetravel-compose/src/commonMain/kotlin/actron/timetravel/compose/BranchControls.kt	fun advance(duration: Duration) = produce(null, "timer") { branch.advance(duration) }
null-literal	actron-timetravel-compose/src/commonMain/kotlin/actron/timetravel/compose/BranchControls.kt	problem = null
null-literal	actron-timetravel-compose/src/commonMain/kotlin/actron/timetravel/compose/BranchControls.kt	var problem: String? by mutableStateOf(null)
null-literal	actron-timetravel-compose/src/commonMain/kotlin/actron/timetravel/compose/GroupReplayControls.kt	divergence = null
null-literal	actron-timetravel-compose/src/commonMain/kotlin/actron/timetravel/compose/GroupReplayControls.kt	divergence = null
null-literal	actron-timetravel-compose/src/commonMain/kotlin/actron/timetravel/compose/GroupReplayControls.kt	get() = divergence?.explain() ?: if (position == length) "at the end of the group recording" else null
null-literal	actron-timetravel-compose/src/commonMain/kotlin/actron/timetravel/compose/GroupReplayControls.kt	is GroupReplayStep.Matched -> divergence = null
null-literal	actron-timetravel-compose/src/commonMain/kotlin/actron/timetravel/compose/GroupReplayControls.kt	null -> Unit
null-literal	actron-timetravel-compose/src/commonMain/kotlin/actron/timetravel/compose/GroupReplayControls.kt	val canStepForward: Boolean get() = position < length && divergence == null
null-literal	actron-timetravel-compose/src/commonMain/kotlin/actron/timetravel/compose/GroupReplayControls.kt	var divergence: GroupMismatch? by mutableStateOf(null)
null-literal	actron-timetravel-compose/src/commonMain/kotlin/actron/timetravel/compose/GroupReplayControls.kt	var verification: List<GroupMismatch>? by mutableStateOf(null)
null-literal	actron-timetravel-compose/src/commonMain/kotlin/actron/timetravel/compose/GroupReplayPanels.kt	fun GroupTimelinePanel(replay: GroupReplayControls, storeFilter: StoreInstanceId? = null, modifier: Modifier = Modifier) {
null-literal	actron-timetravel-compose/src/commonMain/kotlin/actron/timetravel/compose/GroupReplayPanels.kt	if (item == null) {
null-literal	actron-timetravel-compose/src/commonMain/kotlin/actron/timetravel/compose/GroupReplayPanels.kt	onValueChangeFinished = { seeking?.let { replay.seek(it.toInt()) }; seeking = null },
null-literal	actron-timetravel-compose/src/commonMain/kotlin/actron/timetravel/compose/GroupReplayPanels.kt	val visible = replay.session.recording.order.withIndex().filter { storeFilter == null || it.value.store == storeFilter }
null-literal	actron-timetravel-compose/src/commonMain/kotlin/actron/timetravel/compose/GroupReplayPanels.kt	var seeking by remember(replay) { mutableStateOf<Float?>(null) }
null-literal	actron-timetravel-compose/src/commonMain/kotlin/actron/timetravel/compose/GroupTimeTravelControls.kt	branch = null
null-literal	actron-timetravel-compose/src/commonMain/kotlin/actron/timetravel/compose/GroupTimeTravelControls.kt	branchPosition = null
null-literal	actron-timetravel-compose/src/commonMain/kotlin/actron/timetravel/compose/GroupTimeTravelControls.kt	if (branch != null) return
null-literal	actron-timetravel-compose/src/commonMain/kotlin/actron/timetravel/compose/GroupTimeTravelControls.kt	if (controls.branch == null) {
null-literal	actron-timetravel-compose/src/commonMain/kotlin/actron/timetravel/compose/GroupTimeTravelControls.kt	val mode: InspectorMode get() = if (branch == null) InspectorMode.Replay else InspectorMode.Branch
null-literal	actron-timetravel-compose/src/commonMain/kotlin/actron/timetravel/compose/GroupTimeTravelControls.kt	var branch: BranchControls? by mutableStateOf(null)
null-literal	actron-timetravel-compose/src/commonMain/kotlin/actron/timetravel/compose/GroupTimeTravelControls.kt	var branchPosition: Int? by mutableStateOf(null)
null-literal	actron-timetravel-compose/src/commonMain/kotlin/actron/timetravel/compose/InspectorScreen.kt	InspectorScreenContent(state, null, groupReplay, branch, modifier)
null-literal	actron-timetravel-compose/src/commonMain/kotlin/actron/timetravel/compose/InspectorScreen.kt	InspectorScreenContent(state, null, timeTravel.replay, timeTravel.branch, modifier, timeTravel)
null-literal	actron-timetravel-compose/src/commonMain/kotlin/actron/timetravel/compose/InspectorScreen.kt	InspectorScreenContent(state, replay, null, branch, modifier)
null-literal	actron-timetravel-compose/src/commonMain/kotlin/actron/timetravel/compose/InspectorScreen.kt	OutlinedButton(onClick = { replay.stepBackward(); state.select(null) }, enabled = replay.canStepBackward, modifier = Modifier.testTag("replay-back")) { Text("◀ back") }
null-literal	actron-timetravel-compose/src/commonMain/kotlin/actron/timetravel/compose/InspectorScreen.kt	OutlinedButton(onClick = { replay.stepForward(); state.select(null) }, enabled = replay.canStepForward && replay.divergence == null, modifier = Modifier.testTag("replay-forward")) { Text("forward ▶") }
null-literal	actron-timetravel-compose/src/commonMain/kotlin/actron/timetravel/compose/InspectorScreen.kt	OutlinedButton(onClick = { replay.stepForward(); state.select(null) }, enabled = replay.canStepForward && replay.divergence == null, modifier = Modifier.testTag("replay-forward")) { Text("forward ▶") }
null-literal	actron-timetravel-compose/src/commonMain/kotlin/actron/timetravel/compose/InspectorScreen.kt	branch != null -> BranchPanel(branch, modifier = Modifier.weight(2f).fillMaxSize())
null-literal	actron-timetravel-compose/src/commonMain/kotlin/actron/timetravel/compose/InspectorScreen.kt	fun InspectorScreen(state: InspectorState, groupReplay: GroupReplayControls, branch: BranchControls? = null, modifier: Modifier = Modifier) {
null-literal	actron-timetravel-compose/src/commonMain/kotlin/actron/timetravel/compose/InspectorScreen.kt	fun InspectorScreen(state: InspectorState, replay: ReplayControls<*, *, *, *>? = null, branch: BranchControls? = null, modifier: Modifier = Modifier) {
null-literal	actron-timetravel-compose/src/commonMain/kotlin/actron/timetravel/compose/InspectorScreen.kt	fun InspectorScreen(state: InspectorState, replay: ReplayControls<*, *, *, *>? = null, branch: BranchControls? = null, modifier: Modifier = Modifier) {
null-literal	actron-timetravel-compose/src/commonMain/kotlin/actron/timetravel/compose/InspectorScreen.kt	fun PositionPanel(state: InspectorState, replay: ReplayControls<*, *, *, *>? = null, modifier: Modifier = Modifier) {
null-literal	actron-timetravel-compose/src/commonMain/kotlin/actron/timetravel/compose/InspectorScreen.kt	groupReplay != null -> GroupPositionPanel(groupReplay, modifier = Modifier.weight(2f).fillMaxSize())
null-literal	actron-timetravel-compose/src/commonMain/kotlin/actron/timetravel/compose/InspectorScreen.kt	if (branch != null) {
null-literal	actron-timetravel-compose/src/commonMain/kotlin/actron/timetravel/compose/InspectorScreen.kt	if (groupReplay != null && showReplay) GroupReplayBar(groupReplay)
null-literal	actron-timetravel-compose/src/commonMain/kotlin/actron/timetravel/compose/InspectorScreen.kt	if (groupReplay != null) GroupPositionPanel(groupReplay, modifier = Modifier.fillMaxWidth()) else PositionPanel(state, replay, modifier = Modifier.fillMaxWidth())
null-literal	actron-timetravel-compose/src/commonMain/kotlin/actron/timetravel/compose/InspectorScreen.kt	if (groupReplay != null) GroupTimelinePanel(groupReplay, state.storeFilter, modifier = Modifier.fillMaxWidth().height(360.dp)) else TimelinePanel(state, modifier = Modifier.fillMaxWidth().height(360.dp))
null-literal	actron-timetravel-compose/src/commonMain/kotlin/actron/timetravel/compose/InspectorScreen.kt	if (groupReplay != null) GroupTimelinePanel(groupReplay, state.storeFilter, modifier = Modifier.weight(2f).fillMaxSize()) else TimelinePanel(state, modifier = Modifier.weight(2f).fillMaxSize())
null-literal	actron-timetravel-compose/src/commonMain/kotlin/actron/timetravel/compose/InspectorScreen.kt	if (item == null) {
null-literal	actron-timetravel-compose/src/commonMain/kotlin/actron/timetravel/compose/InspectorScreen.kt	if (item is TimelineItem.Processing && item.recorded == null) {
null-literal	actron-timetravel-compose/src/commonMain/kotlin/actron/timetravel/compose/InspectorScreen.kt	if (replay != null) ReplayBar(replay, state)
null-literal	actron-timetravel-compose/src/commonMain/kotlin/actron/timetravel/compose/InspectorScreen.kt	if (replay != null) {
null-literal	actron-timetravel-compose/src/commonMain/kotlin/actron/timetravel/compose/InspectorScreen.kt	if (timeTravel != null) GroupTimeTravelBar(timeTravel)
null-literal	actron-timetravel-compose/src/commonMain/kotlin/actron/timetravel/compose/InspectorScreen.kt	private fun InspectorScreenContent(state: InspectorState, replay: ReplayControls<*, *, *, *>?, groupReplay: GroupReplayControls?, branch: BranchControls?, modifier: Modifier, timeTravel: GroupTimeTravelControls? = null) {
null-literal	actron-timetravel-compose/src/commonMain/kotlin/actron/timetravel/compose/InspectorScreen.kt	seeking = null
null-literal	actron-timetravel-compose/src/commonMain/kotlin/actron/timetravel/compose/InspectorScreen.kt	state.select(null)
null-literal	actron-timetravel-compose/src/commonMain/kotlin/actron/timetravel/compose/InspectorScreen.kt	val showReplay = timeTravel?.branch == null
null-literal	actron-timetravel-compose/src/commonMain/kotlin/actron/timetravel/compose/InspectorScreen.kt	var seeking by remember { mutableStateOf<Float?>(null) }
null-literal	actron-timetravel-compose/src/commonMain/kotlin/actron/timetravel/compose/InspectorState.kt	if (index != null && index >= inspector.timeline.size) selected = null
null-literal	actron-timetravel-compose/src/commonMain/kotlin/actron/timetravel/compose/InspectorState.kt	if (index != null && index >= inspector.timeline.size) selected = null
null-literal	actron-timetravel-compose/src/commonMain/kotlin/actron/timetravel/compose/InspectorState.kt	return inspector.timeline.withIndex().filter { (_, item) -> filter == null || item.store == filter || item.store == null }
null-literal	actron-timetravel-compose/src/commonMain/kotlin/actron/timetravel/compose/InspectorState.kt	return inspector.timeline.withIndex().filter { (_, item) -> filter == null || item.store == filter || item.store == null }
null-literal	actron-timetravel-compose/src/commonMain/kotlin/actron/timetravel/compose/InspectorState.kt	storeFilter = if (storeFilter == store) null else store
null-literal	actron-timetravel-compose/src/commonMain/kotlin/actron/timetravel/compose/InspectorState.kt	var selected: Int? by mutableStateOf(null)
null-literal	actron-timetravel-compose/src/commonMain/kotlin/actron/timetravel/compose/InspectorState.kt	var storeFilter: StoreInstanceId? by mutableStateOf(null)
null-literal	actron-timetravel-compose/src/commonMain/kotlin/actron/timetravel/compose/ReplayControls.kt	divergence = null
null-literal	actron-timetravel-compose/src/commonMain/kotlin/actron/timetravel/compose/ReplayControls.kt	divergence = null
null-literal	actron-timetravel-compose/src/commonMain/kotlin/actron/timetravel/compose/ReplayControls.kt	explanation = null
null-literal	actron-timetravel-compose/src/commonMain/kotlin/actron/timetravel/compose/ReplayControls.kt	explanation = null
null-literal	actron-timetravel-compose/src/commonMain/kotlin/actron/timetravel/compose/ReplayControls.kt	explanation = null
null-literal	actron-timetravel-compose/src/commonMain/kotlin/actron/timetravel/compose/ReplayControls.kt	explanationOutcome = null
null-literal	actron-timetravel-compose/src/commonMain/kotlin/actron/timetravel/compose/ReplayControls.kt	explanationOutcome = null
null-literal	actron-timetravel-compose/src/commonMain/kotlin/actron/timetravel/compose/ReplayControls.kt	explanationOutcome = null
null-literal	actron-timetravel-compose/src/commonMain/kotlin/actron/timetravel/compose/ReplayControls.kt	is ReplayStep.Matched -> divergence = null
null-literal	actron-timetravel-compose/src/commonMain/kotlin/actron/timetravel/compose/ReplayControls.kt	null -> Unit
null-literal	actron-timetravel-compose/src/commonMain/kotlin/actron/timetravel/compose/ReplayControls.kt	var divergence: String? by mutableStateOf(null)
null-literal	actron-timetravel-compose/src/commonMain/kotlin/actron/timetravel/compose/ReplayControls.kt	var explanation: actron.statechart.machine.DecisionExplanation? by mutableStateOf(null)
null-literal	actron-timetravel-compose/src/commonMain/kotlin/actron/timetravel/compose/ReplayControls.kt	var explanationOutcome: String? by mutableStateOf(null)
null-literal	actron-timetravel-compose/src/commonMain/kotlin/actron/timetravel/compose/ReplayControls.kt	var verdict: String? by mutableStateOf(null)
null-literal	actron-timetravel-compose/src/commonMain/kotlin/actron/timetravel/compose/StateChartPanel.kt	.clickable { selectedNode = node.id; selectedTransition = null }.testTag("chart-node-${node.id.value}"),
null-literal	actron-timetravel-compose/src/commonMain/kotlin/actron/timetravel/compose/StateChartPanel.kt	OutlinedButton(onClick = { selectedTransition = TransitionId(index); selectedNode = null }, modifier = Modifier.testTag("chart-transition-$index")) {
null-literal	actron-timetravel-compose/src/commonMain/kotlin/actron/timetravel/compose/StateChartPanel.kt	explanation: DecisionExplanation? = null,
null-literal	actron-timetravel-compose/src/commonMain/kotlin/actron/timetravel/compose/StateChartPanel.kt	previous: StateConfiguration? = null,
null-literal	actron-timetravel-compose/src/commonMain/kotlin/actron/timetravel/compose/StateChartPanel.kt	var selectedNode by remember(chart) { mutableStateOf<StateId?>(null) }
null-literal	actron-timetravel-compose/src/commonMain/kotlin/actron/timetravel/compose/StateChartPanel.kt	var selectedTransition by remember(chart) { mutableStateOf<TransitionId?>(null) }
null-literal	actron-timetravel/src/commonMain/kotlin/actron/timetravel/Branch.kt	else -> null
null-literal	actron-timetravel/src/commonMain/kotlin/actron/timetravel/Branch.kt	if (answers.isEmpty()) return null
null-literal	actron-timetravel/src/commonMain/kotlin/actron/timetravel/Branch.kt	if (lane != null) "[Actron] Command $command is queued in lane $lane and has not started; it cannot be answered before the lane lets it run"
null-literal	actron-timetravel/src/commonMain/kotlin/actron/timetravel/Branch.kt	is MachineInput.CommandCompleted -> if (input.command == recorded.id) MachineInput.CommandCompleted(command, now) else null
null-literal	actron-timetravel/src/commonMain/kotlin/actron/timetravel/Branch.kt	is MachineInput.CommandFailed -> if (input.command == recorded.id) MachineInput.CommandFailed(command, input.failure, now) else null
null-literal	actron-timetravel/src/commonMain/kotlin/actron/timetravel/Branch.kt	is MachineInput.CommandResult<A> -> if (input.command == recorded.id) MachineInput.CommandResult(command, input.action, now) else null
null-literal	actron-timetravel/src/commonMain/kotlin/actron/timetravel/Branch.kt	private val recording: Recording<C, A, CMD, E>? = null,
null-literal	actron-timetravel/src/commonMain/kotlin/actron/timetravel/Branch.kt	val node = snapshot.nodeOf(registration.scope) ?: return null
null-literal	actron-timetravel/src/commonMain/kotlin/actron/timetravel/Branch.kt	val recording = recording ?: return null
null-literal	actron-timetravel/src/commonMain/kotlin/actron/timetravel/Branch.kt	val registration = lanes.running[command] ?: ending[command] ?: return null
null-literal	actron-timetravel/src/commonMain/kotlin/actron/timetravel/Branch.kt	}?.first ?: return null
null-literal	actron-timetravel/src/commonMain/kotlin/actron/timetravel/GroupRecording.kt	data class GroupRoute(val from: StoreInstanceId, val to: StoreInstanceId, val pair: RoutePair? = null)
null-literal	actron-timetravel/src/commonMain/kotlin/actron/timetravel/GroupRecording.kt	if (index < skip) null else GroupStep(step.store, step.step - skip)
null-literal	actron-timetravel/src/commonMain/kotlin/actron/timetravel/GroupReplaySession.kt	if (reply != null && message !in recording.inFlight && step.store !in heardAtEmit[message].orEmpty()) mismatches += GroupMismatch.ReplyWithoutRequest(index, step.store, message, reply.name)
null-literal	actron-timetravel/src/commonMain/kotlin/actron/timetravel/GroupReplaySession.kt	null -> null
null-literal	actron-timetravel/src/commonMain/kotlin/actron/timetravel/GroupReplaySession.kt	null -> null
null-literal	actron-timetravel/src/commonMain/kotlin/actron/timetravel/GroupReplaySession.kt	val step = next ?: return null
null-literal	actron-timetravel/src/commonMain/kotlin/actron/timetravel/Recording.kt	var problem: String? = null
null-literal	actron-timetravel/src/commonMain/kotlin/actron/timetravel/RecordingCodec.kt	committed != null -> RecordedStep.Committed(input, committed.toDecision(definition, version, at))
null-literal	actron-timetravel/src/commonMain/kotlin/actron/timetravel/RecordingCodec.kt	data class Invalid<C, A : Action, CMD, E : Event>(val reason: String, val at: String? = null) : DecodedRecording<C, A, CMD, E>
null-literal	actron-timetravel/src/commonMain/kotlin/actron/timetravel/RecordingCodec.kt	failed != null -> RecordedStep.Failed(input, failed.toDescriptor())
null-literal	actron-timetravel/src/commonMain/kotlin/actron/timetravel/RecordingCodec.kt	ignored != null -> RecordedStep.Ignored(input, decoding("$at: ignore reason") { IgnoreReason.valueOf(ignored) })
null-literal	actron-timetravel/src/commonMain/kotlin/actron/timetravel/RecordingCodec.kt	internal class CommandRecordWire(val scope: Long, val lane: String? = null)
null-literal	actron-timetravel/src/commonMain/kotlin/actron/timetravel/RecordingCodec.kt	internal class CommandRegistrationWire(val id: Long, val command: JsonElement, val scope: Long, val lane: String? = null, val policy: PolicyWire? = null)
null-literal	actron-timetravel/src/commonMain/kotlin/actron/timetravel/RecordingCodec.kt	internal class CommandRegistrationWire(val id: Long, val command: JsonElement, val scope: Long, val lane: String? = null, val policy: PolicyWire? = null)
null-literal	actron-timetravel/src/commonMain/kotlin/actron/timetravel/RecordingCodec.kt	internal class EffectPolicyWire(val kind: String, val key: String? = null, val maxAttempts: Int? = null)
null-literal	actron-timetravel/src/commonMain/kotlin/actron/timetravel/RecordingCodec.kt	internal class EffectPolicyWire(val kind: String, val key: String? = null, val maxAttempts: Int? = null)
null-literal	actron-timetravel/src/commonMain/kotlin/actron/timetravel/RecordingCodec.kt	internal class FailureWire(val type: String? = null, val message: String? = null, val cause: FailureWire? = null, val suppressed: List<FailureWire> = emptyList())
null-literal	actron-timetravel/src/commonMain/kotlin/actron/timetravel/RecordingCodec.kt	internal class FailureWire(val type: String? = null, val message: String? = null, val cause: FailureWire? = null, val suppressed: List<FailureWire> = emptyList())
null-literal	actron-timetravel/src/commonMain/kotlin/actron/timetravel/RecordingCodec.kt	internal class FailureWire(val type: String? = null, val message: String? = null, val cause: FailureWire? = null, val suppressed: List<FailureWire> = emptyList())
null-literal	actron-timetravel/src/commonMain/kotlin/actron/timetravel/RecordingCodec.kt	internal class PolicyWire(val kind: String, val limit: Int? = null)
null-literal	actron-timetravel/src/commonMain/kotlin/actron/timetravel/RecordingCodec.kt	internal class StepWire(val input: InputWire, val committed: DecisionWire? = null, val ignored: String? = null, val failed: FailureWire? = null)
null-literal	actron-timetravel/src/commonMain/kotlin/actron/timetravel/RecordingCodec.kt	internal class StepWire(val input: InputWire, val committed: DecisionWire? = null, val ignored: String? = null, val failed: FailureWire? = null)
null-literal	actron-timetravel/src/commonMain/kotlin/actron/timetravel/RecordingCodec.kt	internal class StepWire(val input: InputWire, val committed: DecisionWire? = null, val ignored: String? = null, val failed: FailureWire? = null)
null-literal	actron-timetravel/src/commonMain/kotlin/actron/timetravel/RecordingCodec.kt	val action: JsonElement? = null,
null-literal	actron-timetravel/src/commonMain/kotlin/actron/timetravel/RecordingCodec.kt	val command: Long? = null,
null-literal	actron-timetravel/src/commonMain/kotlin/actron/timetravel/RecordingCodec.kt	val failure: FailureWire? = null,
null-literal	actron-timetravel/src/commonMain/kotlin/actron/timetravel/RecordingCodec.kt	val message: MessageWire? = null,
null-literal	actron-timetravel/src/commonMain/kotlin/actron/timetravel/RecordingCodec.kt	val reason: String? = null,
null-literal	actron-timetravel/src/commonMain/kotlin/actron/timetravel/RecordingCodec.kt	val source: String? = null,
null-literal	actron-timetravel/src/commonMain/kotlin/actron/timetravel/RecordingCodec.kt	val timer: Long? = null,
null-literal	actron-timetravel/src/commonMain/kotlin/actron/timetravel/ReplaySession.kt	if (timer != null && input.now < timer.deadline) differences += "timer ${input.timer} fired at ${input.now}, before its deadline ${timer.deadline}"
null-literal	actron-timetravel/src/commonMain/kotlin/actron/timetravel/ReplaySession.kt	return if (differences.isEmpty()) null else ReplayMismatch(index, input, step, actual, differences)
null-literal	actron-timetravel/src/commonMain/kotlin/actron/timetravel/ReplaySession.kt	return if (mismatch == null) {
null-literal	actron-timetravel/src/commonMain/kotlin/actron/timetravel/ReplaySession.kt	return null
null-literal	actron-timetravel/src/commonMain/kotlin/actron/timetravel/ReplaySession.kt	val step = next ?: return null
null-literal	actron-timetravel/src/commonMain/kotlin/actron/timetravel/file/GroupRecordingFiles.kt	Item(null, nextEntry, pending.keys.toList(), beginSegment = true, cut = RecordedCut(nextEntry, members, checkpoint.sources))
null-literal	actron-timetravel/src/commonMain/kotlin/actron/timetravel/file/GroupRecordingFiles.kt	data class GroupOrderEntry(val store: StoreInstanceId, val step: Int, val sent: List<MessageId> = emptyList(), val received: MessageId? = null)
null-literal	actron-timetravel/src/commonMain/kotlin/actron/timetravel/file/GroupRecordingFiles.kt	disagreeing == null
null-literal	actron-timetravel/src/commonMain/kotlin/actron/timetravel/file/GroupRecordingFiles.kt	fun pair(): RoutePair? = if (pair != null && role != null) RoutePair(pair, PairRole.valueOf(role)) else null
null-literal	actron-timetravel/src/commonMain/kotlin/actron/timetravel/file/GroupRecordingFiles.kt	fun pair(): RoutePair? = if (pair != null && role != null) RoutePair(pair, PairRole.valueOf(role)) else null
null-literal	actron-timetravel/src/commonMain/kotlin/actron/timetravel/file/GroupRecordingFiles.kt	fun pair(): RoutePair? = if (pair != null && role != null) RoutePair(pair, PairRole.valueOf(role)) else null
null-literal	actron-timetravel/src/commonMain/kotlin/actron/timetravel/file/GroupRecordingFiles.kt	if (!name.endsWith(EXTENSION)) return null
null-literal	actron-timetravel/src/commonMain/kotlin/actron/timetravel/file/GroupRecordingFiles.kt	if (current != null && header.firstEntry != current.nextEntry) {
null-literal	actron-timetravel/src/commonMain/kotlin/actron/timetravel/file/GroupRecordingFiles.kt	if (dash <= 0) return null
null-literal	actron-timetravel/src/commonMain/kotlin/actron/timetravel/file/GroupRecordingFiles.kt	if (disagreeing != null) marks += RecordingFileMark.StartMismatch(disagreeing.key, "-", "the cut at ${cut.position} counts ${disagreeing.value} steps of ${disagreeing.key}, the order ${stepsBefore(entries, at, disagreeing.key)}")
null-literal	actron-timetravel/src/commonMain/kotlin/actron/timetravel/file/GroupRecordingFiles.kt	if (entry == null) {
null-literal	actron-timetravel/src/commonMain/kotlin/actron/timetravel/file/GroupRecordingFiles.kt	if (failure == null) throw t
null-literal	actron-timetravel/src/commonMain/kotlin/actron/timetravel/file/GroupRecordingFiles.kt	if (header == null) {
null-literal	actron-timetravel/src/commonMain/kotlin/actron/timetravel/file/GroupRecordingFiles.kt	if (it !is SegmentMark.Unfinished) open = null
null-literal	actron-timetravel/src/commonMain/kotlin/actron/timetravel/file/GroupRecordingFiles.kt	if (item.beginSegment || output == null || (segmentEntries > 0 && segmentBytes + frame.size > config.maxSegmentBytes)) {
null-literal	actron-timetravel/src/commonMain/kotlin/actron/timetravel/file/GroupRecordingFiles.kt	if (step == null || step !in firstStep..(firstStep + recording.length)) {
null-literal	actron-timetravel/src/commonMain/kotlin/actron/timetravel/file/GroupRecordingFiles.kt	internal class EntryWire(val store: String, val step: Int, val sent: List<MessageWireG> = emptyList(), val received: MessageWireG? = null)
null-literal	actron-timetravel/src/commonMain/kotlin/actron/timetravel/file/GroupRecordingFiles.kt	internal class RouteWire(val from: String, val to: String, val pair: String? = null, val role: String? = null) {
null-literal	actron-timetravel/src/commonMain/kotlin/actron/timetravel/file/GroupRecordingFiles.kt	internal class RouteWire(val from: String, val to: String, val pair: String? = null, val role: String? = null) {
null-literal	actron-timetravel/src/commonMain/kotlin/actron/timetravel/file/GroupRecordingFiles.kt	null -> SegmentMark.Corrupt(name, MAGIC.size, 0, "ended before the header")
null-literal	actron-timetravel/src/commonMain/kotlin/actron/timetravel/file/GroupRecordingFiles.kt	open = null
null-literal	actron-timetravel/src/commonMain/kotlin/actron/timetravel/file/GroupRecordingFiles.kt	open = null
null-literal	actron-timetravel/src/commonMain/kotlin/actron/timetravel/file/GroupRecordingFiles.kt	open = null
null-literal	actron-timetravel/src/commonMain/kotlin/actron/timetravel/file/GroupRecordingFiles.kt	private class Item(val entry: GroupOrderEntry?, val index: Int, val inFlight: List<MessageId>, val beginSegment: Boolean, val cut: RecordedCut? = null)
null-literal	actron-timetravel/src/commonMain/kotlin/actron/timetravel/file/GroupRecordingFiles.kt	private var output: SegmentOutput? = null
null-literal	actron-timetravel/src/commonMain/kotlin/actron/timetravel/file/GroupRecordingFiles.kt	return DecodedGroupSegment(null, emptyList(), SegmentMark.Corrupt(name, frames[0].offset, 0, "header: ${e.message}"), finished = false)
null-literal	actron-timetravel/src/commonMain/kotlin/actron/timetravel/file/GroupRecordingFiles.kt	return DecodedGroupSegment(null, emptyList(), SegmentMark.Corrupt(name, frames[0].offset, 0, "header: ${e.message}"), finished = false)
null-literal	actron-timetravel/src/commonMain/kotlin/actron/timetravel/file/GroupRecordingFiles.kt	return DecodedGroupSegment(null, emptyList(), mark, finished = false)
null-literal	actron-timetravel/src/commonMain/kotlin/actron/timetravel/file/GroupRecordingFiles.kt	this.output = null
null-literal	actron-timetravel/src/commonMain/kotlin/actron/timetravel/file/GroupRecordingFiles.kt	this.output = null
null-literal	actron-timetravel/src/commonMain/kotlin/actron/timetravel/file/GroupRecordingFiles.kt	val cut: CutWire? = null,
null-literal	actron-timetravel/src/commonMain/kotlin/actron/timetravel/file/GroupRecordingFiles.kt	val cut: RecordedCut? = null,
null-literal	actron-timetravel/src/commonMain/kotlin/actron/timetravel/file/GroupRecordingFiles.kt	val index = stem.substring(dash + 1).takeIf { it.length == 6 }?.toIntOrNull() ?: return null
null-literal	actron-timetravel/src/commonMain/kotlin/actron/timetravel/file/GroupRecordingFiles.kt	val nothing = { GroupRecordingFileContents(null, null, emptyList(), marks.toList()) { throw IllegalStateException("[Actron] Nothing was read") } }
null-literal	actron-timetravel/src/commonMain/kotlin/actron/timetravel/file/GroupRecordingFiles.kt	val nothing = { GroupRecordingFileContents(null, null, emptyList(), marks.toList()) { throw IllegalStateException("[Actron] Nothing was read") } }
null-literal	actron-timetravel/src/commonMain/kotlin/actron/timetravel/file/GroupRecordingFiles.kt	var failure: Throwable? = null
null-literal	actron-timetravel/src/commonMain/kotlin/actron/timetravel/file/GroupRecordingFiles.kt	var failure: Throwable? = null
null-literal	actron-timetravel/src/commonMain/kotlin/actron/timetravel/file/GroupRecordingFiles.kt	var latest: OrderRun? = null
null-literal	actron-timetravel/src/commonMain/kotlin/actron/timetravel/file/GroupRecordingFiles.kt	var open: OrderRun? = null
null-literal	actron-timetravel/src/commonMain/kotlin/actron/timetravel/file/RecordingFileFormat.kt	if (!name.endsWith(EXTENSION)) return null
null-literal	actron-timetravel/src/commonMain/kotlin/actron/timetravel/file/RecordingFileFormat.kt	if (dash <= 0) return null
null-literal	actron-timetravel/src/commonMain/kotlin/actron/timetravel/file/RecordingFileFormat.kt	if (frames.size < 2) return stopped(header, null, emptyList(), (read.mark as? SegmentMark.TruncatedTail)?.copy(recordsRead = 0) ?: SegmentMark.Corrupt(name, frames[0].offset, 0, "ended before the checkpoint"))
null-literal	actron-timetravel/src/commonMain/kotlin/actron/timetravel/file/RecordingFileFormat.kt	null -> SegmentMark.Corrupt(name, MAGIC.size, 0, "ended before the header")
null-literal	actron-timetravel/src/commonMain/kotlin/actron/timetravel/file/RecordingFileFormat.kt	return stopped(header, null, emptyList(), SegmentMark.Corrupt(name, frames[1].offset, 0, "checkpoint: ${e.message}"))
null-literal	actron-timetravel/src/commonMain/kotlin/actron/timetravel/file/RecordingFileFormat.kt	return stopped(header, null, emptyList(), SegmentMark.UnsupportedFormat(name, header.fileFormatVersion, header.recordingFormatVersion))
null-literal	actron-timetravel/src/commonMain/kotlin/actron/timetravel/file/RecordingFileFormat.kt	return stopped(null, null, emptyList(), SegmentMark.Corrupt(name, frames[0].offset, 0, "header: ${e.message}"))
null-literal	actron-timetravel/src/commonMain/kotlin/actron/timetravel/file/RecordingFileFormat.kt	return stopped(null, null, emptyList(), SegmentMark.Corrupt(name, frames[0].offset, 0, "header: ${e.message}"))
null-literal	actron-timetravel/src/commonMain/kotlin/actron/timetravel/file/RecordingFileFormat.kt	return stopped(null, null, emptyList(), SegmentMark.Corrupt(name, frames[0].offset, 0, "header: ${e.message}"))
null-literal	actron-timetravel/src/commonMain/kotlin/actron/timetravel/file/RecordingFileFormat.kt	return stopped(null, null, emptyList(), SegmentMark.Corrupt(name, frames[0].offset, 0, "header: ${e.message}"))
null-literal	actron-timetravel/src/commonMain/kotlin/actron/timetravel/file/RecordingFileFormat.kt	return stopped(null, null, emptyList(), mark)
null-literal	actron-timetravel/src/commonMain/kotlin/actron/timetravel/file/RecordingFileFormat.kt	return stopped(null, null, emptyList(), mark)
null-literal	actron-timetravel/src/commonMain/kotlin/actron/timetravel/file/RecordingFileFormat.kt	val index = stem.substring(dash + 1).takeIf { it.length == 6 }?.toIntOrNull() ?: return null
null-literal	actron-timetravel/src/commonMain/kotlin/actron/timetravel/file/RecordingFileSink.kt	if (failure == null) throw t
null-literal	actron-timetravel/src/commonMain/kotlin/actron/timetravel/file/RecordingFileSink.kt	if (item.beginSegment || (segmentSteps > 0 && segmentBytes + frame.size > config.maxSegmentBytes) || output == null) {
null-literal	actron-timetravel/src/commonMain/kotlin/actron/timetravel/file/RecordingFileSink.kt	private var output: SegmentOutput? = null
null-literal	actron-timetravel/src/commonMain/kotlin/actron/timetravel/file/RecordingFileSink.kt	this.output = null
null-literal	actron-timetravel/src/commonMain/kotlin/actron/timetravel/file/RecordingFileSink.kt	this.output = null
null-literal	actron-timetravel/src/commonMain/kotlin/actron/timetravel/file/RecordingFileSink.kt	var failure: Throwable? = null
null-literal	actron-timetravel/src/commonMain/kotlin/actron/timetravel/file/RecordingFileSink.kt	var failure: Throwable? = null
null-literal	actron-timetravel/src/commonMain/kotlin/actron/timetravel/file/RecordingFileSink.kt	var problem: String? = null
null-literal	actron-timetravel/src/commonMain/kotlin/actron/timetravel/file/RecordingFiles.kt	if (current != null) {
null-literal	actron-timetravel/src/commonMain/kotlin/actron/timetravel/file/RecordingFiles.kt	if (header == null || start == null) {
null-literal	actron-timetravel/src/commonMain/kotlin/actron/timetravel/file/RecordingFiles.kt	if (header == null || start == null) {
null-literal	actron-timetravel/src/commonMain/kotlin/actron/timetravel/file/RecordingFiles.kt	if (mark != null) {
null-literal	actron-timetravel/src/commonMain/kotlin/actron/timetravel/file/RecordingFiles.kt	if (mark !is SegmentMark.Unfinished) run = null
null-literal	actron-timetravel/src/commonMain/kotlin/actron/timetravel/file/RecordingFiles.kt	run = null
null-literal	actron-timetravel/src/commonMain/kotlin/actron/timetravel/file/RecordingFiles.kt	run = null
null-literal	actron-timetravel/src/commonMain/kotlin/actron/timetravel/file/RecordingFiles.kt	run = null
null-literal	actron-timetravel/src/commonMain/kotlin/actron/timetravel/file/RecordingFiles.kt	run = null
null-literal	actron-timetravel/src/commonMain/kotlin/actron/timetravel/file/RecordingFiles.kt	val index = RecordingFileFormat.parseSegmentName(info.name)?.second ?: GroupRecordingFileFormat.parseSegmentName(info.name)?.second ?: return@mapNotNull null
null-literal	actron-timetravel/src/commonMain/kotlin/actron/timetravel/file/RecordingFiles.kt	val last = latest ?: return RecordingFileContents(null, null, emptyList(), marks)
null-literal	actron-timetravel/src/commonMain/kotlin/actron/timetravel/file/RecordingFiles.kt	val last = latest ?: return RecordingFileContents(null, null, emptyList(), marks)
null-literal	actron-timetravel/src/commonMain/kotlin/actron/timetravel/file/RecordingFiles.kt	var latest: Run<C, A, CMD, E>? = null
null-literal	actron-timetravel/src/commonMain/kotlin/actron/timetravel/file/RecordingFiles.kt	var run: Run<C, A, CMD, E>? = null
null-literal	actron-timetravel/src/commonMain/kotlin/actron/timetravel/inspect/Inspector.kt	decision = decision, ignored = ignored, recorded = null, before = null, after = null, diff = null, message = message, source = source,
null-literal	actron-timetravel/src/commonMain/kotlin/actron/timetravel/inspect/Inspector.kt	decision = decision, ignored = ignored, recorded = null, before = null, after = null, diff = null, message = message, source = source,
null-literal	actron-timetravel/src/commonMain/kotlin/actron/timetravel/inspect/Inspector.kt	decision = decision, ignored = ignored, recorded = null, before = null, after = null, diff = null, message = message, source = source,
null-literal	actron-timetravel/src/commonMain/kotlin/actron/timetravel/inspect/Inspector.kt	decision = decision, ignored = ignored, recorded = null, before = null, after = null, diff = null, message = message, source = source,
null-literal	actron-timetravel/src/commonMain/kotlin/actron/timetravel/inspect/Inspector.kt	else -> null
null-literal	actron-timetravel/src/commonMain/kotlin/actron/timetravel/inspect/Inspector.kt	else -> null
null-literal	actron-timetravel/src/commonMain/kotlin/actron/timetravel/inspect/Inspector.kt	else -> null
null-literal	actron-timetravel/src/commonMain/kotlin/actron/timetravel/inspect/Inspector.kt	else if (item.ignored == null && item.commits.isNotEmpty()) "step $step: recorded as ignored, the journal has a commit for input ${item.input}"
null-literal	actron-timetravel/src/commonMain/kotlin/actron/timetravel/inspect/Inspector.kt	else null
null-literal	actron-timetravel/src/commonMain/kotlin/actron/timetravel/inspect/Inspector.kt	fun of(records: List<JournalRecord<*, *, *>>, recordings: Map<StoreInstanceId, Recording<*, *, *, *>> = emptyMap(), stats: JournalStats? = null): Inspector =
null-literal	actron-timetravel/src/commonMain/kotlin/actron/timetravel/inspect/Inspector.kt	fun timelineOf(store: StoreInstanceId): List<TimelineItem> = timeline.filter { it.store == store || it.store == null }
null-literal	actron-timetravel/src/commonMain/kotlin/actron/timetravel/inspect/Inspector.kt	if (item.ignored != null && item.ignored != recorded.reason.name) "step $step: recorded as ignored (${recorded.reason}), the journal says ${item.ignored}"
null-literal	actron-timetravel/src/commonMain/kotlin/actron/timetravel/inspect/Inspector.kt	if (item.outcome != null && item.outcome.kind != OutcomeKind.Failed && item.outcome.kind != OutcomeKind.Recovered) "step $step: recorded as failed, the journal says ${item.outcome.kind} for input ${item.input}" else null
null-literal	actron-timetravel/src/commonMain/kotlin/actron/timetravel/inspect/Inspector.kt	if (item.outcome != null && item.outcome.kind != OutcomeKind.Failed && item.outcome.kind != OutcomeKind.Recovered) "step $step: recorded as failed, the journal says ${item.outcome.kind} for input ${item.input}" else null
null-literal	actron-timetravel/src/commonMain/kotlin/actron/timetravel/inspect/Inspector.kt	if (item.revision != revision) "step $step: recorded revision $revision, the journal has ${item.revision ?: "no commit"} for input ${item.input}" else null
null-literal	actron-timetravel/src/commonMain/kotlin/actron/timetravel/inspect/Inspector.kt	if (problem != null) return Enrichment.Mismatch(problem)
null-literal	actron-timetravel/src/commonMain/kotlin/actron/timetravel/inspect/Inspector.kt	if (processing != null) processing.update() else slots += TimelineItem.Unattributed(record.groupSeq, record.elapsed, store, record.entry)
null-literal	actron-timetravel/src/commonMain/kotlin/actron/timetravel/inspect/Inspector.kt	if (recording == null) {
null-literal	actron-timetravel/src/commonMain/kotlin/actron/timetravel/inspect/Inspector.kt	if (registered == null) reasons += Incompleteness.NotRegistered(store)
null-literal	actron-timetravel/src/commonMain/kotlin/actron/timetravel/inspect/Inspector.kt	if (seq != null) while (pendingBySeq.isNotEmpty() && pendingBySeq.first().groupSeq.value < seq) result += pendingBySeq.removeFirst()
null-literal	actron-timetravel/src/commonMain/kotlin/actron/timetravel/inspect/Inspector.kt	if (store != null) {
null-literal	actron-timetravel/src/commonMain/kotlin/actron/timetravel/inspect/Inspector.kt	if (unattributed > 0) add(Incompleteness.Unattributed(null, unattributed))
null-literal	actron-timetravel/src/commonMain/kotlin/actron/timetravel/inspect/Inspector.kt	is Accepted -> if (slot.consumed) null else null
null-literal	actron-timetravel/src/commonMain/kotlin/actron/timetravel/inspect/Inspector.kt	is Accepted -> if (slot.consumed) null else null
null-literal	actron-timetravel/src/commonMain/kotlin/actron/timetravel/inspect/Inspector.kt	val processing = if (store != null && input != null) processings[store to input] else null
null-literal	actron-timetravel/src/commonMain/kotlin/actron/timetravel/inspect/Inspector.kt	val processing = if (store != null && input != null) processings[store to input] else null
null-literal	actron-timetravel/src/commonMain/kotlin/actron/timetravel/inspect/Inspector.kt	val processing = if (store != null && input != null) processings[store to input] else null
null-literal	actron-timetravel/src/commonMain/kotlin/actron/timetravel/inspect/Inspector.kt	val stats: JournalStats? = null,
null-literal	actron-timetravel/src/commonMain/kotlin/actron/timetravel/inspect/Inspector.kt	val unattributed = timeline.count { it is TimelineItem.Unattributed && it.store == null }
null-literal	actron-timetravel/src/commonMain/kotlin/actron/timetravel/inspect/Inspector.kt	var decision: JournalEntry.DecisionCommitted? = null
null-literal	actron-timetravel/src/commonMain/kotlin/actron/timetravel/inspect/Inspector.kt	var duration: Duration? = null
null-literal	actron-timetravel/src/commonMain/kotlin/actron/timetravel/inspect/Inspector.kt	var ignored: String? = null
null-literal	actron-timetravel/src/commonMain/kotlin/actron/timetravel/inspect/Inspector.kt	var message: actron.observability.MessageRef? = null
null-literal	actron-timetravel/src/commonMain/kotlin/actron/timetravel/inspect/Inspector.kt	var outcome: OutcomeDescriptor? = null
null-literal	actron-timetravel/src/commonMain/kotlin/actron/timetravel/inspect/Inspector.kt	var source: String? = null
null-literal	actron-timetravel/src/commonMain/kotlin/actron/timetravel/inspect/InspectorText.kt	(if (store == null) inspector.timeline else inspector.timelineOf(store)).map { line(it) }
null-literal	actron-timetravel/src/commonMain/kotlin/actron/timetravel/inspect/InspectorText.kt	else -> null
null-literal	actron-timetravel/src/commonMain/kotlin/actron/timetravel/inspect/InspectorText.kt	for (reason in inspector.completeness.reasons.filter { it.store() == null }) add(" ! ${reason(reason)}")
null-literal	actron-timetravel/src/commonMain/kotlin/actron/timetravel/inspect/InspectorText.kt	fun timeline(inspector: Inspector, store: StoreInstanceId? = null): List<String> =
null-literal	actron-timetravel/src/commonMain/kotlin/actron/timetravel/inspect/InspectorText.kt	if (before != null && after != null) {
null-literal	actron-timetravel/src/commonMain/kotlin/actron/timetravel/inspect/InspectorText.kt	if (before != null && after != null) {
null-literal	actron-timetravel/src/commonMain/kotlin/actron/timetravel/inspect/InspectorText.kt	if (item.recorded != null) append(" [recorded]")
null-literal	actron-timetravel/src/commonMain/kotlin/actron/timetravel/inspect/InspectorText.kt	if (item.recorded == null && item.commits.isEmpty() && item.decision == null && item.ignored == null) add(" (no snapshot in the journal for this processing)")
null-literal	actron-timetravel/src/commonMain/kotlin/actron/timetravel/inspect/InspectorText.kt	if (item.recorded == null && item.commits.isEmpty() && item.decision == null && item.ignored == null) add(" (no snapshot in the journal for this processing)")
null-literal	actron-timetravel/src/commonMain/kotlin/actron/timetravel/inspect/InspectorText.kt	if (item.recorded == null && item.commits.isEmpty() && item.decision == null && item.ignored == null) add(" (no snapshot in the journal for this processing)")
null-literal	actron-timetravel/src/commonMain/kotlin/actron/timetravel/inspect/InspectorText.kt	null -> Unit
null-literal	actron-timetravel/src/commonMain/kotlin/actron/timetravel/inspect/Timeline.kt	data class Sent(override val groupSeq: GroupSeq, override val elapsed: Duration, override val store: StoreInstanceId, val input: InputId?, val message: MessageRef, val to: StoreInstanceId, val delivered: Boolean, val cause: MessageRef? = null) : TimelineItem
null-literal	actron-timetravel/src/commonMain/kotlin/actron/timetravel/inspect/Timeline.kt	override val elapsed: Duration? get() = null
null-literal	actron-timetravel/src/commonMain/kotlin/actron/timetravel/inspect/Timeline.kt	override val groupSeq: GroupSeq? get() = null
null-literal	actron-timetravel/src/commonMain/kotlin/actron/timetravel/inspect/Timeline.kt	override val store: StoreInstanceId? get() = null
null-literal	actron-timetravel/src/commonMain/kotlin/actron/timetravel/inspect/Timeline.kt	override val store: StoreInstanceId? get() = null
null-literal	actron-timetravel/src/commonMain/kotlin/actron/timetravel/inspect/Timeline.kt	override val store: StoreInstanceId? get() = null
null-literal	actron-timetravel/src/commonMain/kotlin/actron/timetravel/inspect/Timeline.kt	override val store: StoreInstanceId? get() = null
null-literal	actron-timetravel/src/commonMain/kotlin/actron/timetravel/inspect/Timeline.kt	val isFinished: Boolean get() = outcome != null
null-literal	actron-timetravel/src/commonMain/kotlin/actron/timetravel/inspect/Timeline.kt	val message: MessageRef? = null,
null-literal	actron-timetravel/src/commonMain/kotlin/actron/timetravel/inspect/Timeline.kt	val source: String? = null,
nullable-type	actron-compose/src/commonMain/kotlin/actron/compose/ViewStore.kt	fun <S : State, A : Action, E : Event> rememberViewStore(key: Any? = null, autoClose: Boolean = false, store: () -> Store<S, A, E>): ViewStore<S, A, E> {
nullable-type	actron-compose/src/commonMain/kotlin/actron/compose/ViewStore.kt	private var last: N? = source.value.takeIf(isNarrowed)?.narrowed()
nullable-type	actron-core/src/commonMain/kotlin/actron/core/HandlerMatcher.kt	val action: List<HandlerMatcher?>,
nullable-type	actron-core/src/commonMain/kotlin/actron/core/HandlerMatcher.kt	val actionType: KClass<*>?,
nullable-type	actron-core/src/commonMain/kotlin/actron/core/HandlerMatcher.kt	val enter: List<HandlerMatcher?>,
nullable-type	actron-core/src/commonMain/kotlin/actron/core/HandlerMatcher.kt	val exit: List<HandlerMatcher?>,
nullable-type	actron-core/src/commonMain/kotlin/actron/core/HandlerMatcher.kt	val inputType: KClass<*>? = null,
nullable-type	actron-core/src/commonMain/kotlin/actron/core/HandlerMatcher.kt	val inputType: KClass<*>?,
nullable-type	actron-core/src/commonMain/kotlin/actron/core/HandlerMatcher.kt	val recover: List<HandlerMatcher?>,
nullable-type	actron-core/src/commonMain/kotlin/actron/core/HandlerMatcher.kt	val stateType: KClass<*>?,
nullable-type	actron-core/src/commonMain/kotlin/actron/core/HandlerMatcher.kt	val stateType: KClass<*>?,
nullable-type	actron-core/src/commonMain/kotlin/actron/core/StoreBuilder.kt	val inputType: KClass<*>?,
nullable-type	actron-core/src/commonMain/kotlin/actron/core/StoreBuilder.kt	val matcher: HandlerMatcher?,
nullable-type	actron-core/src/commonMain/kotlin/actron/core/StoreImpl.kt	fun List<HandlerMatcher?>.toMetadata() = mapIndexed { index, matcher ->
nullable-type	actron-core/src/commonMain/kotlin/actron/core/StoreImpl.kt	fun traceDiscardIfNeverLocked(cause: Throwable?) {
nullable-type	actron-core/src/commonMain/kotlin/actron/core/StoreImpl.kt	private fun canRunLaunchOperation(stateScope: CoroutineScope, caller: Job?, owner: Job?): Boolean {
nullable-type	actron-core/src/commonMain/kotlin/actron/core/StoreImpl.kt	private fun canRunLaunchOperation(stateScope: CoroutineScope, caller: Job?, owner: Job?): Boolean {
nullable-type	actron-core/src/commonMain/kotlin/actron/core/StoreImpl.kt	private fun handleException(t: Throwable, input: InputId?) {
nullable-type	actron-core/src/commonMain/kotlin/actron/core/StoreImpl.kt	private suspend fun inputOfCurrentCoroutine(): InputId? {
nullable-type	actron-core/src/commonMain/kotlin/actron/core/StoreImpl.kt	private suspend inline fun hookFailure(block: () -> Unit): Throwable? {
nullable-type	actron-core/src/commonMain/kotlin/actron/core/StoreImpl.kt	private val lastDispatchDone = MutableStateFlow<Job?>(null)
nullable-type	actron-core/src/commonMain/kotlin/actron/core/StoreImpl.kt	private val startupInput = MutableStateFlow<InputId?>(null)
nullable-type	actron-core/src/commonMain/kotlin/actron/core/StoreImpl.kt	private var activeDispatchJob: Job? = null
nullable-type	actron-core/src/commonMain/kotlin/actron/core/StoreImpl.kt	private var processing: Processing? = null
nullable-type	actron-core/src/commonMain/kotlin/actron/core/StoreImpl.kt	val outcomes: List<Throwable?> =
nullable-type	actron-core/src/commonMain/kotlin/actron/core/StoreImpl.kt	val previousDone = CompletableDeferred<Job?>()
nullable-type	actron-core/src/commonMain/kotlin/actron/core/StoreImpl.kt	var failure: Throwable? = null
nullable-type	actron-core/src/commonMain/kotlin/actron/core/StoreImpl.kt	var newState: S? = null
nullable-type	actron-core/src/commonMain/kotlin/actron/core/StoreImpl.kt	var newState: S? = null
nullable-type	actron-core/src/commonMain/kotlin/actron/core/StoreImpl.kt	var newState: S? = null
nullable-type	actron-core/src/commonMain/kotlin/actron/core/StoreImpl.kt	var newState: S? = null
nullable-type	actron-core/src/commonMain/kotlin/actron/core/StoreImpl.kt	var newState: S? = null
nullable-type	actron-core/src/commonMain/kotlin/actron/core/StoreImpl.kt	var outcome: ProcessingOutcome? = null
nullable-type	actron-core/src/commonMain/kotlin/actron/core/StoreImpl.kt	var recoveredFrom: Throwable? = null
nullable-type	actron-core/src/commonMain/kotlin/actron/core/StoreProbe.kt	data class EventEmitted<out E : Event>(val input: InputId?, val event: E) : StoreTrace<Nothing, Nothing, E>
nullable-type	actron-core/src/commonMain/kotlin/actron/core/StoreProbe.kt	data class FailureReported(val input: InputId?, val error: Throwable) : StoreTrace<Nothing, Nothing, Nothing>
nullable-type	actron-core/src/commonMain/kotlin/actron/core/StoreProbe.kt	data class Recovery(val error: Throwable, val origin: InputId?) : InputKind<Nothing>
nullable-type	actron-core/src/commonMain/kotlin/actron/core/StoreProbe.kt	data class Transaction(val origin: InputId?) : InputKind<Nothing>
nullable-type	actron-core/src/commonMain/kotlin/actron/core/StoreProbe.kt	suspend fun currentInputId(): InputId? = currentCoroutineContext()[InputOrigin]?.input
nullable-type	actron-diagnostics/src/commonMain/kotlin/actron/diagnostics/CausalTrace.kt	commit: DurableCommit<C, CMD, E>, parentCommand: CommandId? = null,
nullable-type	actron-diagnostics/src/commonMain/kotlin/actron/diagnostics/CausalTrace.kt	data class TraceOrigin(val store: StoreInstanceId, val input: InputId?, val sequence: Long)
nullable-type	actron-diagnostics/src/commonMain/kotlin/actron/diagnostics/CausalTrace.kt	machine: Machine<C, A, CMD, E>, store: StoreInstanceId, input: InputId?,
nullable-type	actron-diagnostics/src/commonMain/kotlin/actron/diagnostics/CausalTrace.kt	override fun onDecided(input: InputId?, machineInput: MachineInput<A>, explained: ExplainedDecision<C, CMD, E>) {
nullable-type	actron-diagnostics/src/commonMain/kotlin/actron/diagnostics/CausalTrace.kt	val failureSource: FailureSource? = null,
nullable-type	actron-diagnostics/src/commonMain/kotlin/actron/diagnostics/CausalTrace.kt	val inputKind: String, val now: MachineTime, val command: CommandId?, val timer: TimerId?,
nullable-type	actron-diagnostics/src/commonMain/kotlin/actron/diagnostics/CausalTrace.kt	val inputKind: String, val now: MachineTime, val command: CommandId?, val timer: TimerId?,
nullable-type	actron-diagnostics/src/commonMain/kotlin/actron/diagnostics/CausalTrace.kt	val origin: TraceOrigin, val root: TraceOrigin, val parent: TraceOrigin?,
nullable-type	actron-diagnostics/src/commonMain/kotlin/actron/diagnostics/CausalTrace.kt	val selection: DecisionExplanation?, val outcome: String, val failureType: String?, val incomplete: Boolean,
nullable-type	actron-diagnostics/src/commonMain/kotlin/actron/diagnostics/CausalTrace.kt	val selection: DecisionExplanation?, val outcome: String, val failureType: String?, val incomplete: Boolean,
nullable-type	actron-logging/src/commonMain/kotlin/actron/logging/DefaultLogger.kt	override fun log(severity: Logger.Severity, tag: String, throwable: Throwable?, message: () -> String) {
nullable-type	actron-logging/src/commonMain/kotlin/actron/logging/Logger.kt	throwable: Throwable?,
nullable-type	actron-observability/src/commonMain/kotlin/actron/observability/JournalProbe.kt	private var processingStartedAt: TimeMark? = null
nullable-type	actron-observability/src/commonMain/kotlin/actron/observability/Payload.kt	val cause: FailureDescriptor? = null,
nullable-type	actron-observability/src/commonMain/kotlin/actron/observability/Payload.kt	val message: String? = null,
nullable-type	actron-observability/src/commonMain/kotlin/actron/observability/Payload.kt	val type: String?,
nullable-type	actron-observability/src/commonMain/kotlin/actron/observability/Record.kt	data class BridgeReceived(val input: InputId?, val message: MessageRef) : JournalEntry<Nothing, Nothing, Nothing>
nullable-type	actron-observability/src/commonMain/kotlin/actron/observability/Record.kt	data class BridgeSent(val input: InputId?, val message: MessageRef, val to: StoreInstanceId, val delivered: Boolean, val cause: MessageRef? = null) : JournalEntry<Nothing, Nothing, Nothing>
nullable-type	actron-observability/src/commonMain/kotlin/actron/observability/Record.kt	data class BridgeSent(val input: InputId?, val message: MessageRef, val to: StoreInstanceId, val delivered: Boolean, val cause: MessageRef? = null) : JournalEntry<Nothing, Nothing, Nothing>
nullable-type	actron-observability/src/commonMain/kotlin/actron/observability/Record.kt	data class CommandRef(val id: Long, val scope: Long, val lane: String?, val policy: String?, val command: Payload<Any?>)
nullable-type	actron-observability/src/commonMain/kotlin/actron/observability/Record.kt	data class CommandRef(val id: Long, val scope: Long, val lane: String?, val policy: String?, val command: Payload<Any?>)
nullable-type	actron-observability/src/commonMain/kotlin/actron/observability/Record.kt	data class CommandRef(val id: Long, val scope: Long, val lane: String?, val policy: String?, val command: Payload<Any?>)
nullable-type	actron-observability/src/commonMain/kotlin/actron/observability/Record.kt	data class DecisionIgnored(val input: InputId?, val reason: String) : JournalEntry<Nothing, Nothing, Nothing>
nullable-type	actron-observability/src/commonMain/kotlin/actron/observability/Record.kt	data class DiscardDescriptor(val kind: DiscardKind, val failure: FailureDescriptor? = null)
nullable-type	actron-observability/src/commonMain/kotlin/actron/observability/Record.kt	data class EffectQueued<out E : Event>(val input: InputId?, val effect: Long, val policy: String, val event: Payload<E>) : JournalEntry<Nothing, Nothing, E>
nullable-type	actron-observability/src/commonMain/kotlin/actron/observability/Record.kt	data class EventEmitted<out E : Event>(val input: InputId?, val event: Payload<E>) : JournalEntry<Nothing, Nothing, E>
nullable-type	actron-observability/src/commonMain/kotlin/actron/observability/Record.kt	data class ExternalReceived(val input: InputId?, val source: String) : JournalEntry<Nothing, Nothing, Nothing>
nullable-type	actron-observability/src/commonMain/kotlin/actron/observability/Record.kt	data class FailureReported(val input: InputId?, val failure: FailureDescriptor) : JournalEntry<Nothing, Nothing, Nothing>
nullable-type	actron-observability/src/commonMain/kotlin/actron/observability/Record.kt	data class OutcomeDescriptor(val kind: OutcomeKind, val commits: Int = 0, val failure: FailureDescriptor? = null)
nullable-type	actron-observability/src/commonMain/kotlin/actron/observability/Record.kt	data class Recovery(val failure: FailureDescriptor, val origin: InputId?) : InputDescriptor<Nothing>
nullable-type	actron-observability/src/commonMain/kotlin/actron/observability/Record.kt	data class Transaction(val origin: InputId?) : InputDescriptor<Nothing>
nullable-type	actron-observability/src/commonMain/kotlin/actron/observability/Record.kt	val input: InputId?,
nullable-type	actron-observability/src/commonMain/kotlin/actron/observability/Record.kt	val store: StoreInstanceId?,
nullable-type	actron-observability/src/commonMain/kotlin/actron/observability/Record.kt	val storeSeq: StoreSeq?,
nullable-type	actron-observability/src/commonMain/kotlin/actron/observability/RecordingSession.kt	fun publish(entry: JournalEntry<*, *, *>): JournalRecord<*, *, *>? = publishRecord(null, entry)
nullable-type	actron-observability/src/commonMain/kotlin/actron/observability/RecordingSession.kt	fun publish(store: StoreInstanceId, entry: JournalEntry<*, *, *>): JournalRecord<*, *, *>? = publishRecord(store, entry)
nullable-type	actron-observability/src/commonMain/kotlin/actron/observability/RecordingSession.kt	internal fun TimeMark?.elapsedOrZero(): Duration = this?.elapsedNow() ?: Duration.ZERO
nullable-type	actron-observability/src/commonMain/kotlin/actron/observability/RecordingSession.kt	internal fun publishRecord(store: StoreInstanceId?, entry: JournalEntry<*, *, *>): JournalRecord<*, *, *>? {
nullable-type	actron-observability/src/commonMain/kotlin/actron/observability/RecordingSession.kt	internal fun publishRecord(store: StoreInstanceId?, entry: JournalEntry<*, *, *>): JournalRecord<*, *, *>? {
nullable-type	actron-observability/src/commonMain/kotlin/actron/observability/RecordingSession.kt	private fun allocate(store: StoreInstanceId?, entry: JournalEntry<*, *, *>): JournalRecord<*, *, *> {
nullable-type	actron-observability/src/commonMain/kotlin/actron/observability/file/Bytes.kt	fun <T> nullable(read: () -> T): T? = if (bool()) read() else null
nullable-type	actron-observability/src/commonMain/kotlin/actron/observability/file/Bytes.kt	fun <T> nullable(value: T?, write: (T) -> Unit) {
nullable-type	actron-observability/src/commonMain/kotlin/actron/observability/file/Framing.kt	class FramesRead(val frames: List<Framing.Frame>, val mark: SegmentMark?, val finished: Boolean)
nullable-type	actron-observability/src/commonMain/kotlin/actron/observability/file/JournalFileFormat.kt	fun parseSegmentName(name: String): Pair<RuntimeSessionId, Int>? {
nullable-type	actron-observability/src/commonMain/kotlin/actron/observability/file/JournalFileFormat.kt	val header: SegmentHeader?,
nullable-type	actron-observability/src/commonMain/kotlin/actron/observability/file/JournalFileFormat.kt	val mark: SegmentMark?,
nullable-type	actron-observability/src/commonMain/kotlin/actron/observability/file/JournalFileSink.kt	private fun closeOutput(output: SegmentOutput, failure: Throwable?) {
nullable-type	actron-observability/src/commonMain/kotlin/actron/observability/file/JournalFileSink.kt	private var group: MachineGroupId? = null
nullable-type	actron-observability/src/commonMain/kotlin/actron/observability/file/JournalFileSink.kt	private var mode: ExecutionMode? = null
nullable-type	actron-observability/src/commonMain/kotlin/actron/observability/file/JournalFileSink.kt	private var output: SegmentOutput? = null
nullable-type	actron-observability/src/commonMain/kotlin/actron/observability/file/JournalFileSink.kt	private var session: RuntimeSessionId? = null
nullable-type	actron-observability/src/commonMain/kotlin/actron/observability/file/JournalFileSink.kt	val activeSegment: String?
nullable-type	actron-observability/src/commonMain/kotlin/actron/observability/file/JournalFileSink.kt	var failure: Throwable? = null
nullable-type	actron-observability/src/commonMain/kotlin/actron/observability/file/JournalFiles.kt	var previousSeq: Long? = null
nullable-type	actron-statechart-test/src/commonMain/kotlin/actron/statechart/test/BehaviouralArtifacts.kt	fun behaviouralReviewArtifacts(before: BehaviouralSnapshot?, after: BehaviouralSnapshot): Map<String, String> {
nullable-type	actron-statechart-test/src/commonMain/kotlin/actron/statechart/test/BehaviouralArtifacts.kt	fun covered(snapshot: BehaviouralSnapshot?) = snapshot?.coverage?.getValue("coveredTransitions")?.jsonArray?.mapTo(mutableSetOf()) { it.jsonPrimitive.int }.orEmpty()
nullable-type	actron-statechart-test/src/commonMain/kotlin/actron/statechart/test/BehaviouralArtifacts.kt	fun declarations(snapshot: BehaviouralSnapshot?, key: String) = snapshot?.model?.getValue(key)?.jsonArray?.toList().orEmpty()
nullable-type	actron-statechart-test/src/commonMain/kotlin/actron/statechart/test/BehaviouralArtifacts.kt	fun rows(snapshot: BehaviouralSnapshot?) = snapshot?.model?.getValue("transitions")?.jsonArray.orEmpty()
nullable-type	actron-statechart-test/src/commonMain/kotlin/actron/statechart/test/CoverageRecorder.kt	fun MachineCoverage.describe(chart: StateChartDefinition? = null): String = buildString {
nullable-type	actron-statechart-test/src/commonMain/kotlin/actron/statechart/test/CoverageRecorder.kt	override fun onCommitted(input: InputId?, machineInput: MachineInput<A>, decision: Decision<C, CMD, E>) = locked {
nullable-type	actron-statechart-test/src/commonMain/kotlin/actron/statechart/test/CoverageRecorder.kt	override fun onDecided(input: InputId?, machineInput: MachineInput<A>, explained: ExplainedDecision<C, CMD, E>) = accept(explained)
nullable-type	actron-statechart-test/src/commonMain/kotlin/actron/statechart/test/Exploration.kt	): SequenceFailure<C, A>? {
nullable-type	actron-statechart-test/src/commonMain/kotlin/actron/statechart/test/Exploration.kt	fun decidePath(path: Path<C, A>, input: MachineInput<A>, depth: Int): Path<C, A>? {
nullable-type	actron-statechart-test/src/commonMain/kotlin/actron/statechart/test/Exploration.kt	val decisionFailure: FailureDescriptor? = null,
nullable-type	actron-statechart-test/src/commonMain/kotlin/actron/statechart/test/Exploration.kt	val definition: DefinitionId? = null,
nullable-type	actron-statechart-test/src/commonMain/kotlin/actron/statechart/test/Exploration.kt	val version: DefinitionVersion? = null,
nullable-type	actron-statechart-test/src/commonMain/kotlin/actron/statechart/test/Exploration.kt	var start: Path<C, A>? = initialPath
nullable-type	actron-statechart-test/src/commonMain/kotlin/actron/statechart/test/Settle.kt	suspend fun <C, A : Action, CMD, E : Event> MachineStore<C, A, CMD, E>.assertNoPendingWork(recorder: StoreRecorder<MachineSnapshot<C>, A, E>? = null) {
nullable-type	actron-statechart-test/src/commonMain/kotlin/actron/statechart/test/Shrinking.kt	): SequenceFailure<C, A>? {
nullable-type	actron-statechart-test/src/commonMain/kotlin/actron/statechart/test/TestPlan.kt	val failure: SequenceFailure<C, A>? = null,
nullable-type	actron-statechart-test/src/commonMain/kotlin/actron/statechart/test/TestPlan.kt	var time: MachineTime? = null
nullable-type	actron-statechart/src/commonMain/kotlin/actron/statechart/Analysis.kt	fun matches(id: StateId, candidates: Set<StateId>?): Boolean = candidates == null || id in candidates ||
nullable-type	actron-statechart/src/commonMain/kotlin/actron/statechart/Analysis.kt	val sources: Set<StateId>? = null, val targets: Set<StateId>? = null,
nullable-type	actron-statechart/src/commonMain/kotlin/actron/statechart/Analysis.kt	val sources: Set<StateId>? = null, val targets: Set<StateId>? = null,
nullable-type	actron-statechart/src/commonMain/kotlin/actron/statechart/Analysis.kt	val structurallyUnreachable: Set<StateId>? get() = if (truncated) null else unreached
nullable-type	actron-statechart/src/commonMain/kotlin/actron/statechart/Analysis.kt	val trigger: Trigger? = null, val guard: String? = null, val effect: String? = null,
nullable-type	actron-statechart/src/commonMain/kotlin/actron/statechart/Analysis.kt	val trigger: Trigger? = null, val guard: String? = null, val effect: String? = null,
nullable-type	actron-statechart/src/commonMain/kotlin/actron/statechart/Analysis.kt	val trigger: Trigger? = null, val guard: String? = null, val effect: String? = null,
nullable-type	actron-statechart/src/commonMain/kotlin/actron/statechart/Configuration.kt	fun enterAncestors(id: StateId, below: StateId?, enterDescendants: (StateId) -> Unit) {
nullable-type	actron-statechart/src/commonMain/kotlin/actron/statechart/Configuration.kt	internal fun StateChartDefinition.domainOf(source: StateId, target: StateId): StateId? {
nullable-type	actron-statechart/src/commonMain/kotlin/actron/statechart/Configuration.kt	internal fun StateChartDefinition.domainOf(transition: Transition): StateId? = domainOf(transition.source, transition.target)
nullable-type	actron-statechart/src/commonMain/kotlin/actron/statechart/Configuration.kt	private fun StateChartDefinition.entrySet(targets: List<Pair<StateId?, StateId>>, history: Map<StateId, Set<StateId>>): Set<StateId> {
nullable-type	actron-statechart/src/commonMain/kotlin/actron/statechart/Configuration.kt	private fun StateChartDefinition.restoredBy(history: HistoryState, remembered: Map<StateId, Set<StateId>>): List<StateId>? {
nullable-type	actron-statechart/src/commonMain/kotlin/actron/statechart/Conformance.kt	data class UndeclaredTransition(val from: StateId, val to: StateId, val lastAction: Action?) : ConformanceViolation
nullable-type	actron-statechart/src/commonMain/kotlin/actron/statechart/Conformance.kt	fun alone(transition: Transition): Explanation? = ending(withInferredHistory(tracked, transition, to), listOf(transition))
nullable-type	actron-statechart/src/commonMain/kotlin/actron/statechart/Conformance.kt	fun ending(configuration: StateConfiguration, transitions: List<Transition>): Explanation? {
nullable-type	actron-statechart/src/commonMain/kotlin/actron/statechart/Conformance.kt	fun report(domain: StateId?, violation: ConformanceViolation) {
nullable-type	actron-statechart/src/commonMain/kotlin/actron/statechart/Conformance.kt	private fun explain(tracked: StateConfiguration, action: A?, to: Set<StateId>): Explanation? {
nullable-type	actron-statechart/src/commonMain/kotlin/actron/statechart/Conformance.kt	private fun explain(tracked: StateConfiguration, action: A?, to: Set<StateId>): Explanation? {
nullable-type	actron-statechart/src/commonMain/kotlin/actron/statechart/Conformance.kt	private var lastAction: A? = null
nullable-type	actron-statechart/src/commonMain/kotlin/actron/statechart/Conformance.kt	private var trigger: A? = null
nullable-type	actron-statechart/src/commonMain/kotlin/actron/statechart/Conformance.kt	val domains = mutableListOf<StateId?>()
nullable-type	actron-statechart/src/commonMain/kotlin/actron/statechart/Conformance.kt	var explained: List<Transition>? = null
nullable-type	actron-statechart/src/commonMain/kotlin/actron/statechart/Dsl.kt	class StateChartBuilder internal constructor(private val parent: StateId? = null) {
nullable-type	actron-statechart/src/commonMain/kotlin/actron/statechart/Dsl.kt	fun history(id: StateId, deep: Boolean = false, default: StateId? = null) {
nullable-type	actron-statechart/src/commonMain/kotlin/actron/statechart/Dsl.kt	internal var effect: String? = null
nullable-type	actron-statechart/src/commonMain/kotlin/actron/statechart/Dsl.kt	internal var guard: String? = null
nullable-type	actron-statechart/src/commonMain/kotlin/actron/statechart/Mermaid.kt	fun appendTransitions(block: StateId?, indent: String) {
nullable-type	actron-statechart/src/commonMain/kotlin/actron/statechart/Mermaid.kt	fun blockOf(source: StateId, target: StateId): StateId? {
nullable-type	actron-statechart/src/commonMain/kotlin/actron/statechart/Mermaid.kt	fun containerChain(id: StateId): List<StateId?> = generateSequence(containerOf(id)) { containerOf(it) }.toList() + null
nullable-type	actron-statechart/src/commonMain/kotlin/actron/statechart/Mermaid.kt	fun containerOf(id: StateId): StateId? = containers[id]
nullable-type	actron-statechart/src/commonMain/kotlin/actron/statechart/Mermaid.kt	fun isBlock(node: StateNode?): Boolean = node is CompoundState || (node is ParallelState && node.id in drawnChildren)
nullable-type	actron-statechart/src/commonMain/kotlin/actron/statechart/Mermaid.kt	fun place(node: StateNode, container: StateId?) {
nullable-type	actron-statechart/src/commonMain/kotlin/actron/statechart/Model.kt	data class FinalState(override val id: StateId, override val parent: StateId? = null) : StateNode
nullable-type	actron-statechart/src/commonMain/kotlin/actron/statechart/Model.kt	effect: String? = null,
nullable-type	actron-statechart/src/commonMain/kotlin/actron/statechart/Model.kt	fun childrenOf(parent: StateId?): List<StateNode> = hierarchy.children[parent].orEmpty()
nullable-type	actron-statechart/src/commonMain/kotlin/actron/statechart/Model.kt	fun node(id: StateId): StateNode? = hierarchy.nodes[id]
nullable-type	actron-statechart/src/commonMain/kotlin/actron/statechart/Model.kt	guard: String? = null,
nullable-type	actron-statechart/src/commonMain/kotlin/actron/statechart/Model.kt	override val parent: StateId? = null,
nullable-type	actron-statechart/src/commonMain/kotlin/actron/statechart/Model.kt	override val parent: StateId? = null,
nullable-type	actron-statechart/src/commonMain/kotlin/actron/statechart/Model.kt	override val parent: StateId? = null,
nullable-type	actron-statechart/src/commonMain/kotlin/actron/statechart/Model.kt	val after: Duration? get() = (trigger as? Trigger.After)?.delay
nullable-type	actron-statechart/src/commonMain/kotlin/actron/statechart/Model.kt	val children: Map<StateId?, List<StateNode>> = nodes.values.groupBy { it.parent }
nullable-type	actron-statechart/src/commonMain/kotlin/actron/statechart/Model.kt	val default: StateId? = null,
nullable-type	actron-statechart/src/commonMain/kotlin/actron/statechart/Model.kt	val effect: String? = null,
nullable-type	actron-statechart/src/commonMain/kotlin/actron/statechart/Model.kt	val guard: String? = null,
nullable-type	actron-statechart/src/commonMain/kotlin/actron/statechart/Model.kt	val on: ActionMatcher? get() = (trigger as? Trigger.OnAction)?.matcher
nullable-type	actron-statechart/src/commonMain/kotlin/actron/statechart/Model.kt	val parent: StateId?
nullable-type	actron-statechart/src/commonMain/kotlin/actron/statechart/Model.kt	val type: KClass<out Action>? = null,
nullable-type	actron-statechart/src/commonMain/kotlin/actron/statechart/Paths.kt	fun StateChartDefinition.shortestPathTo(target: StateId): StateChartPath? {
nullable-type	actron-statechart/src/commonMain/kotlin/actron/statechart/Runtime.kt	internal fun automaticObserved(configuration: StateConfiguration, state: S, observe: ((Transition, Boolean?, Exception?) -> Unit)?): StepResult {
nullable-type	actron-statechart/src/commonMain/kotlin/actron/statechart/Runtime.kt	internal fun automaticObserved(configuration: StateConfiguration, state: S, observe: ((Transition, Boolean?, Exception?) -> Unit)?): StepResult {
nullable-type	actron-statechart/src/commonMain/kotlin/actron/statechart/Runtime.kt	internal fun automaticObserved(configuration: StateConfiguration, state: S, observe: ((Transition, Boolean?, Exception?) -> Unit)?): StepResult {
nullable-type	actron-statechart/src/commonMain/kotlin/actron/statechart/Runtime.kt	observe: ((Transition, Boolean?, Exception?) -> Unit)?,
nullable-type	actron-statechart/src/commonMain/kotlin/actron/statechart/Runtime.kt	observe: ((Transition, Boolean?, Exception?) -> Unit)?,
nullable-type	actron-statechart/src/commonMain/kotlin/actron/statechart/Runtime.kt	observe: ((Transition, Boolean?, Exception?) -> Unit)?,
nullable-type	actron-statechart/src/commonMain/kotlin/actron/statechart/Runtime.kt	observe: ((Transition, Boolean?, Exception?) -> Unit)?,
nullable-type	actron-statechart/src/commonMain/kotlin/actron/statechart/Runtime.kt	observe: ((Transition, Boolean?, Exception?) -> Unit)?,
nullable-type	actron-statechart/src/commonMain/kotlin/actron/statechart/Runtime.kt	observe: ((Transition, Boolean?, Exception?) -> Unit)?,
nullable-type	actron-statechart/src/commonMain/kotlin/actron/statechart/Runtime.kt	observe: ((Transition, Boolean?, Exception?) -> Unit)?,
nullable-type	actron-statechart/src/commonMain/kotlin/actron/statechart/Runtime.kt	observe: ((Transition, Boolean?, Exception?) -> Unit)?,
nullable-type	actron-statechart/src/commonMain/kotlin/actron/statechart/Runtime.kt	observe: ((Transition, Boolean?, Exception?) -> Unit)?,
nullable-type	actron-statechart/src/commonMain/kotlin/actron/statechart/StateChartStore.kt	action: Action?,
nullable-type	actron-statechart/src/commonMain/kotlin/actron/statechart/StateChartStore.kt	override val action: Action?,
nullable-type	actron-statechart/src/commonMain/kotlin/actron/statechart/StateChartStore.kt	override val action: Action?,
nullable-type	actron-statechart/src/commonMain/kotlin/actron/statechart/StateChartStore.kt	val action: Action?
nullable-type	actron-statechart/src/commonMain/kotlin/actron/statechart/StateChartStore.kt	var failure: Exception? = null
nullable-type	actron-statechart/src/commonMain/kotlin/actron/statechart/Validation.kt	data class HistoryAsInitial(val id: StateId?, val initial: StateId) : ValidationIssue
nullable-type	actron-statechart/src/commonMain/kotlin/actron/statechart/Validation.kt	internal fun StateChartDefinition.consistentPart(configuration: StateConfiguration): StateConfiguration? {
nullable-type	actron-statechart/src/commonMain/kotlin/actron/statechart/Validation.kt	private fun StateChartDefinition.hasConsistentActiveNodes(active: Set<StateId>, root: StateId? = null): Boolean {
nullable-type	actron-statechart/src/commonMain/kotlin/actron/statechart/Validation.kt	var closing: Node? = null
nullable-type	actron-statechart/src/commonMain/kotlin/actron/statechart/Validation.kt	var current: StateId? = start
nullable-type	actron-statechart/src/commonMain/kotlin/actron/statechart/machine/ActionExplanation.kt	val disposition: CandidateDisposition?,
nullable-type	actron-statechart/src/commonMain/kotlin/actron/statechart/machine/AvailableActions.kt	): RejectionExplanation? = explainWhyRejected(decideExplained(snapshot, MachineInput.Dispatch(action, now)))
nullable-type	actron-statechart/src/commonMain/kotlin/actron/statechart/machine/AvailableActions.kt	): RejectionExplanation? {
nullable-type	actron-statechart/src/commonMain/kotlin/actron/statechart/machine/AvailableActions.kt	data class ActionDeclaration(val node: StateId, val transition: TransitionId? = null)
nullable-type	actron-statechart/src/commonMain/kotlin/actron/statechart/machine/AvailableActions.kt	data class GuardRejection(val transition: TransitionId, val label: String, val reason: String?)
nullable-type	actron-statechart/src/commonMain/kotlin/actron/statechart/machine/AvailableActions.kt	internal data class ActionSelection(val explanation: DecisionExplanation, val notStarted: Boolean = false, val failure: FailureDescriptor? = null)
nullable-type	actron-statechart/src/commonMain/kotlin/actron/statechart/machine/AvailableActions.kt	reason: ActionRejectionReason, selection: DecisionExplanation, failure: FailureDescriptor? = null,
nullable-type	actron-statechart/src/commonMain/kotlin/actron/statechart/machine/AvailableActions.kt	val failure: FailureDescriptor? = null,
nullable-type	actron-statechart/src/commonMain/kotlin/actron/statechart/machine/AvailableActions.kt	val rejection: RejectionExplanation? = null,
nullable-type	actron-statechart/src/commonMain/kotlin/actron/statechart/machine/Causality.kt	override fun onCommitted(input: InputId?, machineInput: MachineInput<A>, decision: Decision<C, CMD, E>) {
nullable-type	actron-statechart/src/commonMain/kotlin/actron/statechart/machine/Causality.kt	override fun onFailed(input: InputId?, machineInput: MachineInput<A>, failure: FailureDescriptor) = record(input, machineInput)
nullable-type	actron-statechart/src/commonMain/kotlin/actron/statechart/machine/Causality.kt	override fun onIgnored(input: InputId?, machineInput: MachineInput<A>, reason: IgnoreReason) = record(input, machineInput)
nullable-type	actron-statechart/src/commonMain/kotlin/actron/statechart/machine/Causality.kt	private fun record(input: InputId?, machineInput: MachineInput<A>) {
nullable-type	actron-statechart/src/commonMain/kotlin/actron/statechart/machine/Causality.kt	val command: CommandId? = null,
nullable-type	actron-statechart/src/commonMain/kotlin/actron/statechart/machine/Causality.kt	val parent: InputId? = null,
nullable-type	actron-statechart/src/commonMain/kotlin/actron/statechart/machine/Causality.kt	val source: SourceId? = null,
nullable-type	actron-statechart/src/commonMain/kotlin/actron/statechart/machine/Checkpoint.kt	fun remaining(id: TimerId): Duration? = snapshot.timers[id]?.let { it.deadline - now }
nullable-type	actron-statechart/src/commonMain/kotlin/actron/statechart/machine/Decision.kt	val lane: LaneId? = null,
nullable-type	actron-statechart/src/commonMain/kotlin/actron/statechart/machine/Decision.kt	val policy: ConcurrencyPolicy? = null,
nullable-type	actron-statechart/src/commonMain/kotlin/actron/statechart/machine/DecisionObserver.kt	consume: (InputId?, DecisionExplanation) -> Unit,
nullable-type	actron-statechart/src/commonMain/kotlin/actron/statechart/machine/DecisionObserver.kt	fun onCommitted(input: InputId?, machineInput: MachineInput<A>, decision: Decision<C, CMD, E>) {}
nullable-type	actron-statechart/src/commonMain/kotlin/actron/statechart/machine/DecisionObserver.kt	fun onDecided(input: InputId?, machineInput: MachineInput<A>, explained: ExplainedDecision<C, CMD, E>)
nullable-type	actron-statechart/src/commonMain/kotlin/actron/statechart/machine/DecisionObserver.kt	fun onExplained(input: InputId?, explanation: DecisionExplanation)
nullable-type	actron-statechart/src/commonMain/kotlin/actron/statechart/machine/DecisionObserver.kt	fun onFailed(input: InputId?, machineInput: MachineInput<A>, failure: FailureDescriptor) {}
nullable-type	actron-statechart/src/commonMain/kotlin/actron/statechart/machine/DecisionObserver.kt	fun onIgnored(input: InputId?, machineInput: MachineInput<A>, reason: IgnoreReason) {}
nullable-type	actron-statechart/src/commonMain/kotlin/actron/statechart/machine/DecisionObserver.kt	override fun onCommitted(input: InputId?, machineInput: MachineInput<A>, decision: Decision<C, CMD, E>) {
nullable-type	actron-statechart/src/commonMain/kotlin/actron/statechart/machine/DecisionObserver.kt	override fun onExplained(input: InputId?, explanation: DecisionExplanation) = consume(input, explanation)
nullable-type	actron-statechart/src/commonMain/kotlin/actron/statechart/machine/DecisionObserver.kt	override fun onFailed(input: InputId?, machineInput: MachineInput<A>, failure: FailureDescriptor) {
nullable-type	actron-statechart/src/commonMain/kotlin/actron/statechart/machine/DecisionObserver.kt	override fun onIgnored(input: InputId?, machineInput: MachineInput<A>, reason: IgnoreReason) {
nullable-type	actron-statechart/src/commonMain/kotlin/actron/statechart/machine/DecisionObserver.kt	override fun onQueued(input: InputId?, effect: PendingEffect<E>) {
nullable-type	actron-statechart/src/commonMain/kotlin/actron/statechart/machine/DecisionObserver.kt	private fun external(input: InputId?, machineInput: MachineInput<A>) {
nullable-type	actron-statechart/src/commonMain/kotlin/actron/statechart/machine/Durable.kt	keyOf: (CMD) -> IdempotencyKey?,
nullable-type	actron-statechart/src/commonMain/kotlin/actron/statechart/machine/Durable.kt	private suspend fun persist(expected: Long?, base: DurableCheckpoint<C, CMD>, decisions: List<Decision<C, CMD, E>>): DurableCommit<C, CMD, E> {
nullable-type	actron-statechart/src/commonMain/kotlin/actron/statechart/machine/Durable.kt	private val keyOf: (CMD) -> IdempotencyKey?,
nullable-type	actron-statechart/src/commonMain/kotlin/actron/statechart/machine/Durable.kt	suspend fun commit(expectedGeneration: Long?, checkpoint: DurableCheckpoint<C, CMD>): Boolean
nullable-type	actron-statechart/src/commonMain/kotlin/actron/statechart/machine/Durable.kt	suspend fun execute(key: IdempotencyKey, command: CMD, attempt: Long): A?
nullable-type	actron-statechart/src/commonMain/kotlin/actron/statechart/machine/Durable.kt	suspend fun executeNext(handler: DurableCommandHandler<CMD, A>, now: () -> MachineTime): DurableCommit<C, CMD, E>? = execution.withLock drain@ {
nullable-type	actron-statechart/src/commonMain/kotlin/actron/statechart/machine/Durable.kt	suspend fun load(): DurableCheckpoint<C, CMD>?
nullable-type	actron-statechart/src/commonMain/kotlin/actron/statechart/machine/Durable.kt	suspend fun restore(): DurableCheckpoint<C, CMD>? = storage.load()?.also(::validate)
nullable-type	actron-statechart/src/commonMain/kotlin/actron/statechart/machine/Execution.kt	data class CommandEnvelope<out CMD>(val id: CommandId, val command: CMD, val scope: ActivationId, val lane: LaneId?)
nullable-type	actron-statechart/src/commonMain/kotlin/actron/statechart/machine/Explanation.kt	val failure: FailureDescriptor? = null,
nullable-type	actron-statechart/src/commonMain/kotlin/actron/statechart/machine/Explanation.kt	val handledBy: StateId? = null,
nullable-type	actron-statechart/src/commonMain/kotlin/actron/statechart/machine/Explanation.kt	val result: Boolean?,
nullable-type	actron-statechart/src/commonMain/kotlin/actron/statechart/machine/Explanation.kt	var handledBy: StateId? = null
nullable-type	actron-statechart/src/commonMain/kotlin/actron/statechart/machine/Group.kt	class MachineGroup(private val session: RecordingSession? = null) {
nullable-type	actron-statechart/src/commonMain/kotlin/actron/statechart/machine/Group.kt	class Route internal constructor(val from: StoreInstanceId, val to: StoreInstanceId, internal val map: (Event) -> Action?, val pair: RoutePair? = null) {
nullable-type	actron-statechart/src/commonMain/kotlin/actron/statechart/machine/Group.kt	class Route internal constructor(val from: StoreInstanceId, val to: StoreInstanceId, internal val map: (Event) -> Action?, val pair: RoutePair? = null) {
nullable-type	actron-statechart/src/commonMain/kotlin/actron/statechart/machine/Group.kt	fun <E : Event, A : Action> route(from: Member<*, *, *, E>, to: Member<*, A, *, *>, map: (E) -> A?): Route = route(from.id, to.id, map)
nullable-type	actron-statechart/src/commonMain/kotlin/actron/statechart/machine/Group.kt	fun <E : Event, A : Action> route(from: StoreInstanceId, to: StoreInstanceId, map: (E) -> A?): Route = register(from, to, map, pair = null)
nullable-type	actron-statechart/src/commonMain/kotlin/actron/statechart/machine/Group.kt	fun mapEvent(event: Event): Action? = map(event)
nullable-type	actron-statechart/src/commonMain/kotlin/actron/statechart/machine/Group.kt	internal fun send(input: InputId?, machineInput: MachineInput<A>, decision: Decision<C, CMD, E>) {
nullable-type	actron-statechart/src/commonMain/kotlin/actron/statechart/machine/Group.kt	internal var store: MachineStoreImpl<C, A, CMD, E>? = null
nullable-type	actron-statechart/src/commonMain/kotlin/actron/statechart/machine/Group.kt	override fun onCommitted(input: InputId?, machineInput: MachineInput<A>, decision: Decision<C, CMD, E>) {
nullable-type	actron-statechart/src/commonMain/kotlin/actron/statechart/machine/Group.kt	override fun onFailed(input: InputId?, machineInput: MachineInput<A>, failure: FailureDescriptor) = decided(input, machineInput)
nullable-type	actron-statechart/src/commonMain/kotlin/actron/statechart/machine/Group.kt	override fun onIgnored(input: InputId?, machineInput: MachineInput<A>, reason: IgnoreReason) = decided(input, machineInput)
nullable-type	actron-statechart/src/commonMain/kotlin/actron/statechart/machine/Group.kt	private fun <E : Event, A : Action> register(from: StoreInstanceId, to: StoreInstanceId, map: (E) -> A?, pair: RoutePair?): Route {
nullable-type	actron-statechart/src/commonMain/kotlin/actron/statechart/machine/Group.kt	private fun <E : Event, A : Action> register(from: StoreInstanceId, to: StoreInstanceId, map: (E) -> A?, pair: RoutePair?): Route {
nullable-type	actron-statechart/src/commonMain/kotlin/actron/statechart/machine/Group.kt	private fun decided(input: InputId?, machineInput: MachineInput<A>) {
nullable-type	actron-statechart/src/commonMain/kotlin/actron/statechart/machine/Group.kt	reply: (RP) -> PA?,
nullable-type	actron-statechart/src/commonMain/kotlin/actron/statechart/machine/Group.kt	request: (RQ) -> RA?,
nullable-type	actron-statechart/src/commonMain/kotlin/actron/statechart/machine/Group.kt	suspend fun checkpoint(timeout: Duration = 2.seconds): GroupCheckpoint? = coordinating.withLock {
nullable-type	actron-statechart/src/commonMain/kotlin/actron/statechart/machine/Group.kt	val boundary: GroupSeq?,
nullable-type	actron-statechart/src/commonMain/kotlin/actron/statechart/machine/Group.kt	val route = Route(from, to, map as (Event) -> Action?, pair)
nullable-type	actron-statechart/src/commonMain/kotlin/actron/statechart/machine/Group.kt	var failure: Throwable? = null
nullable-type	actron-statechart/src/commonMain/kotlin/actron/statechart/machine/Invariants.kt	data class InvariantViolation(val name: String, val failure: FailureDescriptor? = null)
nullable-type	actron-statechart/src/commonMain/kotlin/actron/statechart/machine/Invocation.kt	data class InvocationSnapshot<PC, CC>(val parent: MachineSnapshot<PC>, val child: MachineSnapshot<CC>? = null, val owner: ActivationId? = null)
nullable-type	actron-statechart/src/commonMain/kotlin/actron/statechart/machine/Invocation.kt	data class InvocationSnapshot<PC, CC>(val parent: MachineSnapshot<PC>, val child: MachineSnapshot<CC>? = null, val owner: ActivationId? = null)
nullable-type	actron-statechart/src/commonMain/kotlin/actron/statechart/machine/Invocation.kt	data class Routed<PA : Action, CA : Action>(val input: InvocationInput<PA, CA>, val originatingOwner: ActivationId? = null)
nullable-type	actron-statechart/src/commonMain/kotlin/actron/statechart/machine/Invocation.kt	private val toChild: (PE) -> CA? = { null },
nullable-type	actron-statechart/src/commonMain/kotlin/actron/statechart/machine/Invocation.kt	private val toParent: (CE) -> PA? = { null },
nullable-type	actron-statechart/src/commonMain/kotlin/actron/statechart/machine/Machine.kt	fun guardRejectionReason(label: String): String? = guardRejections[label]
nullable-type	actron-statechart/src/commonMain/kotlin/actron/statechart/machine/Machine.kt	override val action: Action? get() = this@Step.action
nullable-type	actron-statechart/src/commonMain/kotlin/actron/statechart/machine/Machine.kt	override val action: Action? get() = this@Step.action
nullable-type	actron-statechart/src/commonMain/kotlin/actron/statechart/machine/Machine.kt	private fun decideObserved(snapshot: MachineSnapshot<C>, input: MachineInput<A>, trace: SelectionTrace?): Decision<C, CMD, E> {
nullable-type	actron-statechart/src/commonMain/kotlin/actron/statechart/machine/Machine.kt	private fun findHandler(base: MachineSnapshot<C>, action: Action): Pair<StateId, MachineBuilder.ActionHandler<C, A, CMD, E>>? {
nullable-type	actron-statechart/src/commonMain/kotlin/actron/statechart/machine/Machine.kt	private fun fire(snapshot: MachineSnapshot<C>, input: MachineInput.TimerFired, trace: SelectionTrace?): Decision<C, CMD, E> {
nullable-type	actron-statechart/src/commonMain/kotlin/actron/statechart/machine/Machine.kt	private fun handle(base: MachineSnapshot<C>, input: MachineInput<A>, action: Action, trace: SelectionTrace?): Decision<C, CMD, E>? {
nullable-type	actron-statechart/src/commonMain/kotlin/actron/statechart/machine/Machine.kt	private fun handle(base: MachineSnapshot<C>, input: MachineInput<A>, action: Action, trace: SelectionTrace?): Decision<C, CMD, E>? {
nullable-type	actron-statechart/src/commonMain/kotlin/actron/statechart/machine/Machine.kt	private fun observer(trace: SelectionTrace?): ((actron.statechart.Transition, Boolean?, Exception?) -> Unit)? {
nullable-type	actron-statechart/src/commonMain/kotlin/actron/statechart/machine/Machine.kt	private fun observer(trace: SelectionTrace?): ((actron.statechart.Transition, Boolean?, Exception?) -> Unit)? {
nullable-type	actron-statechart/src/commonMain/kotlin/actron/statechart/machine/Machine.kt	private fun observer(trace: SelectionTrace?): ((actron.statechart.Transition, Boolean?, Exception?) -> Unit)? {
nullable-type	actron-statechart/src/commonMain/kotlin/actron/statechart/machine/Machine.kt	private fun observer(trace: SelectionTrace?): ((actron.statechart.Transition, Boolean?, Exception?) -> Unit)? {
nullable-type	actron-statechart/src/commonMain/kotlin/actron/statechart/machine/Machine.kt	private fun stabilize(base: MachineSnapshot<C>, input: MachineInput<A>, first: Decision<C, CMD, E>, trace: SelectionTrace?): Decision<C, CMD, E> {
nullable-type	actron-statechart/src/commonMain/kotlin/actron/statechart/machine/Machine.kt	private fun step(base: MachineSnapshot<C>, input: MachineInput<A>, action: Action, changed: Boolean, trace: SelectionTrace?): Decision<C, CMD, E> {
nullable-type	actron-statechart/src/commonMain/kotlin/actron/statechart/machine/Machine.kt	private inner class Step(val base: MachineSnapshot<C>, val input: MachineInput<A>, val action: Action?) {
nullable-type	actron-statechart/src/commonMain/kotlin/actron/statechart/machine/Machine.kt	protected fun register(command: CMD, lane: LaneId?, policy: ConcurrencyPolicy?): CommandId {
nullable-type	actron-statechart/src/commonMain/kotlin/actron/statechart/machine/Machine.kt	protected fun register(command: CMD, lane: LaneId?, policy: ConcurrencyPolicy?): CommandId {
nullable-type	actron-statechart/src/commonMain/kotlin/actron/statechart/machine/Machine.kt	val action: Action?
nullable-type	actron-statechart/src/commonMain/kotlin/actron/statechart/machine/Machine.kt	val action: Action?
nullable-type	actron-statechart/src/commonMain/kotlin/actron/statechart/machine/MachineStore.kt	private class Pending<C, A : Action, CMD, E : Event>(val decision: Decision<C, CMD, E>, val input: InputId?, val machineInput: MachineInput<A>)
nullable-type	actron-statechart/src/commonMain/kotlin/actron/statechart/machine/MachineStore.kt	private inline fun decide(snapshot: MachineSnapshot<C>, input: MachineInput<A>, inputId: InputId?, commit: (MachineSnapshot<C>) -> Unit) {
nullable-type	actron-statechart/src/commonMain/kotlin/actron/statechart/machine/MachineStore.kt	private var handingOff: Submission<A>? = null
nullable-type	actron-statechart/src/commonMain/kotlin/actron/statechart/machine/MachineStore.kt	private var pending: Pending<C, A, CMD, E>? = null
nullable-type	actron-statechart/src/commonMain/kotlin/actron/statechart/machine/MachineStore.kt	private var pluginScope: PluginScope<MachineSnapshot<C>, MachineInput<A>>? = null
nullable-type	actron-statechart/src/commonMain/kotlin/actron/statechart/machine/MachineStore.kt	private var registering: Submission<A>? = null
nullable-type	actron-statechart/src/commonMain/kotlin/actron/statechart/machine/MachineStore.kt	val completion: CompletableDeferred<Unit>? = null,
nullable-type	actron-statechart/src/commonMain/kotlin/actron/statechart/machine/Mailbox.kt	data class Latest(val key: String, val maxAttempts: Int? = null) : EffectPolicy {
nullable-type	actron-statechart/src/commonMain/kotlin/actron/statechart/machine/Mailbox.kt	data class Retained(val maxAttempts: Int? = null) : EffectPolicy {
nullable-type	actron-statechart/src/commonMain/kotlin/actron/statechart/machine/Mailbox.kt	fun enqueue(input: InputId?, effects: List<EffectEnvelope<E>>) {
nullable-type	actron-statechart/src/commonMain/kotlin/actron/statechart/machine/Mailbox.kt	fun onQueued(input: InputId?, effect: PendingEffect<E>) {}
nullable-type	actron-statechart/src/commonMain/kotlin/actron/statechart/machine/Mailbox.kt	private fun budget(maxAttempts: Int?): String = if (maxAttempts == null) "" else "[$maxAttempts]"
nullable-type	actron-statechart/src/commonMain/kotlin/actron/statechart/machine/Mailbox.kt	private val EffectPolicy.maxAttempts: Int?
nullable-type	actron-statechart/src/commonMain/kotlin/actron/statechart/machine/Mailbox.kt	var handler: Any? = null
nullable-type	actron-statechart/src/commonMain/kotlin/actron/statechart/machine/PluginAdapter.kt	internal fun <A : Action> MachineInput<A>.carriedAction(): A? = when (this) {
nullable-type	actron-statechart/src/commonMain/kotlin/actron/statechart/machine/RecoveryContract.kt	val hasPersistedPayload: Boolean, val idempotencyKey: IdempotencyKey? = null, val attempts: Long = 0,
nullable-type	actron-statechart/src/commonMain/kotlin/actron/statechart/machine/RecoveryContract.kt	val mayReexecute: Boolean? = null,
nullable-type	actron-statechart/src/commonMain/kotlin/actron/statechart/machine/Scheduler.kt	class Apply<C, CMD, E : Event>(val decision: Decision<C, CMD, E>, val input: InputId?) : Message
nullable-type	actron-statechart/src/commonMain/kotlin/actron/statechart/machine/Scheduler.kt	fun apply(decision: Decision<C, CMD, E>, input: InputId?) {
nullable-type	actron-statechart/src/commonMain/kotlin/actron/statechart/machine/Scheduler.kt	private fun carryOut(decision: Decision<C, CMD, E>, input: InputId?) {
nullable-type	actron-statechart/src/commonMain/kotlin/actron/statechart/machine/Snapshot.kt	data class CommandRecord(val scope: ActivationId, val lane: LaneId?)
nullable-type	actron-test/src/commonMain/kotlin/actron/test/ActionMatchDiagnostics.kt	val actionType: KClass<*>?,
nullable-type	actron-test/src/commonMain/kotlin/actron/test/ActionMatchDiagnostics.kt	val selectedHandlerIndex: Int? get() = matchedHandlerIndices.firstOrNull()
nullable-type	actron-test/src/commonMain/kotlin/actron/test/ActionMatchDiagnostics.kt	val stateType: KClass<*>?,
nullable-type	actron-test/src/commonMain/kotlin/actron/test/StoreExtensions.kt	suspend fun <S : State, A : Action, E : Event> Store<S, A, E>.assertNoPendingWork(recorder: StoreRecorder<S, A, E>? = null) {
nullable-type	actron-test/src/commonMain/kotlin/actron/test/StoreHandlers.kt	val exceptionType: KClass<*>?,
nullable-type	actron-test/src/commonMain/kotlin/actron/test/StoreHandlers.kt	val stateType: KClass<*>?,
nullable-type	actron-test/src/commonMain/kotlin/actron/test/StoreHandlers.kt	val stateType: KClass<*>?,
nullable-type	actron-test/src/commonMain/kotlin/actron/test/StoreRecorder.kt	private var owner: PluginScope<S, A>? = null
nullable-type	actron-timetravel-compose/src/commonMain/kotlin/actron/timetravel/compose/BranchControls.kt	private fun produce(store: StoreInstanceId?, cause: String, act: () -> List<Decision<*, *, *>>) {
nullable-type	actron-timetravel-compose/src/commonMain/kotlin/actron/timetravel/compose/BranchControls.kt	var problem: String? by mutableStateOf(null)
nullable-type	actron-timetravel-compose/src/commonMain/kotlin/actron/timetravel/compose/GroupReplayControls.kt	val forwardUnavailable: String?
nullable-type	actron-timetravel-compose/src/commonMain/kotlin/actron/timetravel/compose/GroupReplayControls.kt	val selected: GroupReplayPosition?
nullable-type	actron-timetravel-compose/src/commonMain/kotlin/actron/timetravel/compose/GroupReplayControls.kt	var divergence: GroupMismatch? by mutableStateOf(null)
nullable-type	actron-timetravel-compose/src/commonMain/kotlin/actron/timetravel/compose/GroupReplayControls.kt	var verification: List<GroupMismatch>? by mutableStateOf(null)
nullable-type	actron-timetravel-compose/src/commonMain/kotlin/actron/timetravel/compose/GroupReplayPanels.kt	fun GroupTimelinePanel(replay: GroupReplayControls, storeFilter: StoreInstanceId? = null, modifier: Modifier = Modifier) {
nullable-type	actron-timetravel-compose/src/commonMain/kotlin/actron/timetravel/compose/GroupReplayPanels.kt	var seeking by remember(replay) { mutableStateOf<Float?>(null) }
nullable-type	actron-timetravel-compose/src/commonMain/kotlin/actron/timetravel/compose/GroupTimeTravelControls.kt	var branch: BranchControls? by mutableStateOf(null)
nullable-type	actron-timetravel-compose/src/commonMain/kotlin/actron/timetravel/compose/GroupTimeTravelControls.kt	var branchPosition: Int? by mutableStateOf(null)
nullable-type	actron-timetravel-compose/src/commonMain/kotlin/actron/timetravel/compose/InspectorScreen.kt	fun InspectorScreen(state: InspectorState, groupReplay: GroupReplayControls, branch: BranchControls? = null, modifier: Modifier = Modifier) {
nullable-type	actron-timetravel-compose/src/commonMain/kotlin/actron/timetravel/compose/InspectorScreen.kt	fun InspectorScreen(state: InspectorState, replay: ReplayControls<*, *, *, *>? = null, branch: BranchControls? = null, modifier: Modifier = Modifier) {
nullable-type	actron-timetravel-compose/src/commonMain/kotlin/actron/timetravel/compose/InspectorScreen.kt	fun InspectorScreen(state: InspectorState, replay: ReplayControls<*, *, *, *>? = null, branch: BranchControls? = null, modifier: Modifier = Modifier) {
nullable-type	actron-timetravel-compose/src/commonMain/kotlin/actron/timetravel/compose/InspectorScreen.kt	fun PositionPanel(state: InspectorState, replay: ReplayControls<*, *, *, *>? = null, modifier: Modifier = Modifier) {
nullable-type	actron-timetravel-compose/src/commonMain/kotlin/actron/timetravel/compose/InspectorScreen.kt	private fun InspectorScreenContent(state: InspectorState, replay: ReplayControls<*, *, *, *>?, groupReplay: GroupReplayControls?, branch: BranchControls?, modifier: Modifier, timeTravel: GroupTimeTravelControls? = null) {
nullable-type	actron-timetravel-compose/src/commonMain/kotlin/actron/timetravel/compose/InspectorScreen.kt	private fun InspectorScreenContent(state: InspectorState, replay: ReplayControls<*, *, *, *>?, groupReplay: GroupReplayControls?, branch: BranchControls?, modifier: Modifier, timeTravel: GroupTimeTravelControls? = null) {
nullable-type	actron-timetravel-compose/src/commonMain/kotlin/actron/timetravel/compose/InspectorScreen.kt	private fun InspectorScreenContent(state: InspectorState, replay: ReplayControls<*, *, *, *>?, groupReplay: GroupReplayControls?, branch: BranchControls?, modifier: Modifier, timeTravel: GroupTimeTravelControls? = null) {
nullable-type	actron-timetravel-compose/src/commonMain/kotlin/actron/timetravel/compose/InspectorScreen.kt	private fun InspectorScreenContent(state: InspectorState, replay: ReplayControls<*, *, *, *>?, groupReplay: GroupReplayControls?, branch: BranchControls?, modifier: Modifier, timeTravel: GroupTimeTravelControls? = null) {
nullable-type	actron-timetravel-compose/src/commonMain/kotlin/actron/timetravel/compose/InspectorScreen.kt	var seeking by remember { mutableStateOf<Float?>(null) }
nullable-type	actron-timetravel-compose/src/commonMain/kotlin/actron/timetravel/compose/InspectorState.kt	fun select(index: Int?) {
nullable-type	actron-timetravel-compose/src/commonMain/kotlin/actron/timetravel/compose/InspectorState.kt	val selectedItem: TimelineItem? get() = selected?.let { inspector.timeline.getOrNull(it) }
nullable-type	actron-timetravel-compose/src/commonMain/kotlin/actron/timetravel/compose/InspectorState.kt	var selected: Int? by mutableStateOf(null)
nullable-type	actron-timetravel-compose/src/commonMain/kotlin/actron/timetravel/compose/InspectorState.kt	var storeFilter: StoreInstanceId? by mutableStateOf(null)
nullable-type	actron-timetravel-compose/src/commonMain/kotlin/actron/timetravel/compose/ReplayControls.kt	val forwardUnavailable: String? get() = if (position >= length) "at the end of the recording" else divergence?.let { "the replay diverged here: $it" }
nullable-type	actron-timetravel-compose/src/commonMain/kotlin/actron/timetravel/compose/ReplayControls.kt	var divergence: String? by mutableStateOf(null)
nullable-type	actron-timetravel-compose/src/commonMain/kotlin/actron/timetravel/compose/ReplayControls.kt	var explanation: actron.statechart.machine.DecisionExplanation? by mutableStateOf(null)
nullable-type	actron-timetravel-compose/src/commonMain/kotlin/actron/timetravel/compose/ReplayControls.kt	var explanationOutcome: String? by mutableStateOf(null)
nullable-type	actron-timetravel-compose/src/commonMain/kotlin/actron/timetravel/compose/ReplayControls.kt	var verdict: String? by mutableStateOf(null)
nullable-type	actron-timetravel-compose/src/commonMain/kotlin/actron/timetravel/compose/StateChartPanel.kt	explanation: DecisionExplanation? = null,
nullable-type	actron-timetravel-compose/src/commonMain/kotlin/actron/timetravel/compose/StateChartPanel.kt	fun center(id: StateId): Offset? = positions[id]?.let { (x, y) -> Offset((x * 190 + 97).dp.toPx(), (y * 96 + 48).dp.toPx()) }
nullable-type	actron-timetravel-compose/src/commonMain/kotlin/actron/timetravel/compose/StateChartPanel.kt	previous: StateConfiguration? = null,
nullable-type	actron-timetravel-compose/src/commonMain/kotlin/actron/timetravel/compose/StateChartPanel.kt	var selectedNode by remember(chart) { mutableStateOf<StateId?>(null) }
nullable-type	actron-timetravel-compose/src/commonMain/kotlin/actron/timetravel/compose/StateChartPanel.kt	var selectedTransition by remember(chart) { mutableStateOf<TransitionId?>(null) }
nullable-type	actron-timetravel/src/commonMain/kotlin/actron/timetravel/Branch.kt	fun reuseRecordedAnswers(command: CommandId): List<Decision<C, CMD, E>>? {
nullable-type	actron-timetravel/src/commonMain/kotlin/actron/timetravel/Branch.kt	private fun MachineSnapshot<C>.nodeOf(scope: ActivationId): StateId? = activations.entries.firstOrNull { it.value == scope }?.key
nullable-type	actron-timetravel/src/commonMain/kotlin/actron/timetravel/Branch.kt	private fun Recording<C, A, CMD, E>.recordedRegistrations(): List<Pair<CommandRegistration<CMD>, StateId?>> =
nullable-type	actron-timetravel/src/commonMain/kotlin/actron/timetravel/Branch.kt	private val recording: Recording<C, A, CMD, E>? = null,
nullable-type	actron-timetravel/src/commonMain/kotlin/actron/timetravel/GroupBranch.kt	class Route(val from: StoreInstanceId, val to: StoreInstanceId, val map: (Event) -> Action?)
nullable-type	actron-timetravel/src/commonMain/kotlin/actron/timetravel/GroupBranch.kt	private fun branch(store: StoreInstanceId): Branch<Any?, Action, Any?, Event> =
nullable-type	actron-timetravel/src/commonMain/kotlin/actron/timetravel/GroupBranch.kt	private fun branch(store: StoreInstanceId): Branch<Any?, Action, Any?, Event> =
nullable-type	actron-timetravel/src/commonMain/kotlin/actron/timetravel/GroupBranch.kt	private fun produce(store: StoreInstanceId, act: (Branch<Any?, Action, Any?, Event>) -> Unit): List<Decision<*, *, *>> {
nullable-type	actron-timetravel/src/commonMain/kotlin/actron/timetravel/GroupBranch.kt	private fun produce(store: StoreInstanceId, act: (Branch<Any?, Action, Any?, Event>) -> Unit): List<Decision<*, *, *>> {
nullable-type	actron-timetravel/src/commonMain/kotlin/actron/timetravel/GroupBranch.kt	requireNotNull(members[store]) { "[Actron] $store is not a member of this branch" } as Branch<Any?, Action, Any?, Event>
nullable-type	actron-timetravel/src/commonMain/kotlin/actron/timetravel/GroupBranch.kt	requireNotNull(members[store]) { "[Actron] $store is not a member of this branch" } as Branch<Any?, Action, Any?, Event>
nullable-type	actron-timetravel/src/commonMain/kotlin/actron/timetravel/GroupRecording.kt	(this as Recording<Any?, Action, Any?, Event>).since(cut as ExecutorCheckpoint<Any?, Any?>)
nullable-type	actron-timetravel/src/commonMain/kotlin/actron/timetravel/GroupRecording.kt	(this as Recording<Any?, Action, Any?, Event>).since(cut as ExecutorCheckpoint<Any?, Any?>)
nullable-type	actron-timetravel/src/commonMain/kotlin/actron/timetravel/GroupRecording.kt	(this as Recording<Any?, Action, Any?, Event>).since(cut as ExecutorCheckpoint<Any?, Any?>)
nullable-type	actron-timetravel/src/commonMain/kotlin/actron/timetravel/GroupRecording.kt	(this as Recording<Any?, Action, Any?, Event>).since(cut as ExecutorCheckpoint<Any?, Any?>)
nullable-type	actron-timetravel/src/commonMain/kotlin/actron/timetravel/GroupRecording.kt	data class GroupRoute(val from: StoreInstanceId, val to: StoreInstanceId, val pair: RoutePair? = null)
nullable-type	actron-timetravel/src/commonMain/kotlin/actron/timetravel/GroupRecording.kt	override fun onCommitted(input: InputId?, machineInput: MachineInput<A>, decision: Decision<C, CMD, E>) = locked {
nullable-type	actron-timetravel/src/commonMain/kotlin/actron/timetravel/GroupRecording.kt	override fun onFailed(input: InputId?, machineInput: MachineInput<A>, failure: FailureDescriptor) = locked {
nullable-type	actron-timetravel/src/commonMain/kotlin/actron/timetravel/GroupRecording.kt	override fun onIgnored(input: InputId?, machineInput: MachineInput<A>, reason: IgnoreReason) = locked {
nullable-type	actron-timetravel/src/commonMain/kotlin/actron/timetravel/GroupReplaySession.kt	ReplaySession(machine as Machine<Any?, Action, Any?, Event>, recording as Recording<Any?, Action, Any?, Event>)
nullable-type	actron-timetravel/src/commonMain/kotlin/actron/timetravel/GroupReplaySession.kt	ReplaySession(machine as Machine<Any?, Action, Any?, Event>, recording as Recording<Any?, Action, Any?, Event>)
nullable-type	actron-timetravel/src/commonMain/kotlin/actron/timetravel/GroupReplaySession.kt	ReplaySession(machine as Machine<Any?, Action, Any?, Event>, recording as Recording<Any?, Action, Any?, Event>)
nullable-type	actron-timetravel/src/commonMain/kotlin/actron/timetravel/GroupReplaySession.kt	ReplaySession(machine as Machine<Any?, Action, Any?, Event>, recording as Recording<Any?, Action, Any?, Event>)
nullable-type	actron-timetravel/src/commonMain/kotlin/actron/timetravel/GroupReplaySession.kt	fun stepForward(): GroupReplayStep? {
nullable-type	actron-timetravel/src/commonMain/kotlin/actron/timetravel/GroupReplaySession.kt	val next: GroupStep? get() = recording.order.getOrNull(position)
nullable-type	actron-timetravel/src/commonMain/kotlin/actron/timetravel/Recording.kt	override fun onCommitted(input: InputId?, machineInput: MachineInput<A>, decision: Decision<C, CMD, E>) {
nullable-type	actron-timetravel/src/commonMain/kotlin/actron/timetravel/Recording.kt	override fun onFailed(input: InputId?, machineInput: MachineInput<A>, failure: FailureDescriptor) {
nullable-type	actron-timetravel/src/commonMain/kotlin/actron/timetravel/Recording.kt	override fun onIgnored(input: InputId?, machineInput: MachineInput<A>, reason: IgnoreReason) {
nullable-type	actron-timetravel/src/commonMain/kotlin/actron/timetravel/Recording.kt	var problem: String? = null
nullable-type	actron-timetravel/src/commonMain/kotlin/actron/timetravel/RecordingCodec.kt	data class Invalid<C, A : Action, CMD, E : Event>(val reason: String, val at: String? = null) : DecodedRecording<C, A, CMD, E>
nullable-type	actron-timetravel/src/commonMain/kotlin/actron/timetravel/RecordingCodec.kt	data class Unsupported<C, A : Action, CMD, E : Event>(val formatVersion: Int?, val reason: String) : DecodedRecording<C, A, CMD, E>
nullable-type	actron-timetravel/src/commonMain/kotlin/actron/timetravel/RecordingCodec.kt	internal class CommandRecordWire(val scope: Long, val lane: String? = null)
nullable-type	actron-timetravel/src/commonMain/kotlin/actron/timetravel/RecordingCodec.kt	internal class CommandRegistrationWire(val id: Long, val command: JsonElement, val scope: Long, val lane: String? = null, val policy: PolicyWire? = null)
nullable-type	actron-timetravel/src/commonMain/kotlin/actron/timetravel/RecordingCodec.kt	internal class CommandRegistrationWire(val id: Long, val command: JsonElement, val scope: Long, val lane: String? = null, val policy: PolicyWire? = null)
nullable-type	actron-timetravel/src/commonMain/kotlin/actron/timetravel/RecordingCodec.kt	internal class EffectPolicyWire(val kind: String, val key: String? = null, val maxAttempts: Int? = null)
nullable-type	actron-timetravel/src/commonMain/kotlin/actron/timetravel/RecordingCodec.kt	internal class EffectPolicyWire(val kind: String, val key: String? = null, val maxAttempts: Int? = null)
nullable-type	actron-timetravel/src/commonMain/kotlin/actron/timetravel/RecordingCodec.kt	internal class FailureWire(val type: String? = null, val message: String? = null, val cause: FailureWire? = null, val suppressed: List<FailureWire> = emptyList())
nullable-type	actron-timetravel/src/commonMain/kotlin/actron/timetravel/RecordingCodec.kt	internal class FailureWire(val type: String? = null, val message: String? = null, val cause: FailureWire? = null, val suppressed: List<FailureWire> = emptyList())
nullable-type	actron-timetravel/src/commonMain/kotlin/actron/timetravel/RecordingCodec.kt	internal class FailureWire(val type: String? = null, val message: String? = null, val cause: FailureWire? = null, val suppressed: List<FailureWire> = emptyList())
nullable-type	actron-timetravel/src/commonMain/kotlin/actron/timetravel/RecordingCodec.kt	internal class PolicyWire(val kind: String, val limit: Int? = null)
nullable-type	actron-timetravel/src/commonMain/kotlin/actron/timetravel/RecordingCodec.kt	internal class StepWire(val input: InputWire, val committed: DecisionWire? = null, val ignored: String? = null, val failed: FailureWire? = null)
nullable-type	actron-timetravel/src/commonMain/kotlin/actron/timetravel/RecordingCodec.kt	internal class StepWire(val input: InputWire, val committed: DecisionWire? = null, val ignored: String? = null, val failed: FailureWire? = null)
nullable-type	actron-timetravel/src/commonMain/kotlin/actron/timetravel/RecordingCodec.kt	internal class StepWire(val input: InputWire, val committed: DecisionWire? = null, val ignored: String? = null, val failed: FailureWire? = null)
nullable-type	actron-timetravel/src/commonMain/kotlin/actron/timetravel/RecordingCodec.kt	private fun decodeAction(element: JsonElement?, at: String): A =
nullable-type	actron-timetravel/src/commonMain/kotlin/actron/timetravel/RecordingCodec.kt	val action: JsonElement? = null,
nullable-type	actron-timetravel/src/commonMain/kotlin/actron/timetravel/RecordingCodec.kt	val command: Long? = null,
nullable-type	actron-timetravel/src/commonMain/kotlin/actron/timetravel/RecordingCodec.kt	val failure: FailureWire? = null,
nullable-type	actron-timetravel/src/commonMain/kotlin/actron/timetravel/RecordingCodec.kt	val message: MessageWire? = null,
nullable-type	actron-timetravel/src/commonMain/kotlin/actron/timetravel/RecordingCodec.kt	val reason: String? = null,
nullable-type	actron-timetravel/src/commonMain/kotlin/actron/timetravel/RecordingCodec.kt	val source: String? = null,
nullable-type	actron-timetravel/src/commonMain/kotlin/actron/timetravel/RecordingCodec.kt	val timer: Long? = null,
nullable-type	actron-timetravel/src/commonMain/kotlin/actron/timetravel/ReplaySession.kt	fun explainNext(): actron.statechart.machine.ExplainedDecision<C, CMD, E>? =
nullable-type	actron-timetravel/src/commonMain/kotlin/actron/timetravel/ReplaySession.kt	fun stepForward(): ReplayStep<C, A, CMD, E>? {
nullable-type	actron-timetravel/src/commonMain/kotlin/actron/timetravel/ReplaySession.kt	fun verify(from: Int = 0, to: Int = length): ReplayMismatch<C, A, CMD, E>? {
nullable-type	actron-timetravel/src/commonMain/kotlin/actron/timetravel/ReplaySession.kt	private fun replay(index: Int, base: MachineSnapshot<C>, step: RecordedStep<C, A, CMD, E>, actual: Decision<C, CMD, E> = machine.decide(base, step.input)): ReplayMismatch<C, A, CMD, E>? {
nullable-type	actron-timetravel/src/commonMain/kotlin/actron/timetravel/ReplaySession.kt	val next: RecordedStep<C, A, CMD, E>? get() = recording.steps.getOrNull(position)
nullable-type	actron-timetravel/src/commonMain/kotlin/actron/timetravel/file/GroupRecordingFiles.kt	RecordingFiles(this).read(member, codec as RecordingCodec<Any?, Action, Any?, Event>)
nullable-type	actron-timetravel/src/commonMain/kotlin/actron/timetravel/file/GroupRecordingFiles.kt	RecordingFiles(this).read(member, codec as RecordingCodec<Any?, Action, Any?, Event>)
nullable-type	actron-timetravel/src/commonMain/kotlin/actron/timetravel/file/GroupRecordingFiles.kt	data class DecodedGroupSegment(val header: GroupSegmentHeader?, val entries: List<GroupOrderEntry>, val mark: SegmentMark?, val finished: Boolean)
nullable-type	actron-timetravel/src/commonMain/kotlin/actron/timetravel/file/GroupRecordingFiles.kt	data class DecodedGroupSegment(val header: GroupSegmentHeader?, val entries: List<GroupOrderEntry>, val mark: SegmentMark?, val finished: Boolean)
nullable-type	actron-timetravel/src/commonMain/kotlin/actron/timetravel/file/GroupRecordingFiles.kt	data class GroupOrderEntry(val store: StoreInstanceId, val step: Int, val sent: List<MessageId> = emptyList(), val received: MessageId? = null)
nullable-type	actron-timetravel/src/commonMain/kotlin/actron/timetravel/file/GroupRecordingFiles.kt	fun pair(): RoutePair? = if (pair != null && role != null) RoutePair(pair, PairRole.valueOf(role)) else null
nullable-type	actron-timetravel/src/commonMain/kotlin/actron/timetravel/file/GroupRecordingFiles.kt	fun parseSegmentName(name: String): Pair<MachineGroupId, Int>? {
nullable-type	actron-timetravel/src/commonMain/kotlin/actron/timetravel/file/GroupRecordingFiles.kt	internal class EntryWire(val store: String, val step: Int, val sent: List<MessageWireG> = emptyList(), val received: MessageWireG? = null)
nullable-type	actron-timetravel/src/commonMain/kotlin/actron/timetravel/file/GroupRecordingFiles.kt	internal class RouteWire(val from: String, val to: String, val pair: String? = null, val role: String? = null) {
nullable-type	actron-timetravel/src/commonMain/kotlin/actron/timetravel/file/GroupRecordingFiles.kt	internal class RouteWire(val from: String, val to: String, val pair: String? = null, val role: String? = null) {
nullable-type	actron-timetravel/src/commonMain/kotlin/actron/timetravel/file/GroupRecordingFiles.kt	override fun onCommitted(input: InputId?, machineInput: MachineInput<A>, decision: Decision<C, CMD, E>) {
nullable-type	actron-timetravel/src/commonMain/kotlin/actron/timetravel/file/GroupRecordingFiles.kt	override fun onFailed(input: InputId?, machineInput: MachineInput<A>, failure: FailureDescriptor) {
nullable-type	actron-timetravel/src/commonMain/kotlin/actron/timetravel/file/GroupRecordingFiles.kt	override fun onIgnored(input: InputId?, machineInput: MachineInput<A>, reason: IgnoreReason) {
nullable-type	actron-timetravel/src/commonMain/kotlin/actron/timetravel/file/GroupRecordingFiles.kt	private class Item(val entry: GroupOrderEntry?, val index: Int, val inFlight: List<MessageId>, val beginSegment: Boolean, val cut: RecordedCut? = null)
nullable-type	actron-timetravel/src/commonMain/kotlin/actron/timetravel/file/GroupRecordingFiles.kt	private class Item(val entry: GroupOrderEntry?, val index: Int, val inFlight: List<MessageId>, val beginSegment: Boolean, val cut: RecordedCut? = null)
nullable-type	actron-timetravel/src/commonMain/kotlin/actron/timetravel/file/GroupRecordingFiles.kt	private fun MachineGroup.Route.mapUnchecked(event: Event): Action? = mapEvent(event)
nullable-type	actron-timetravel/src/commonMain/kotlin/actron/timetravel/file/GroupRecordingFiles.kt	private fun closeOutput(output: SegmentOutput, failure: Throwable?) {
nullable-type	actron-timetravel/src/commonMain/kotlin/actron/timetravel/file/GroupRecordingFiles.kt	private fun idleStep(order: OrderRun, at: Int, member: StoreInstanceId): Int? =
nullable-type	actron-timetravel/src/commonMain/kotlin/actron/timetravel/file/GroupRecordingFiles.kt	private fun order(memberId: StoreInstanceId, received: MessageId?, sent: List<Pair<MessageId, StoreInstanceId>>) {
nullable-type	actron-timetravel/src/commonMain/kotlin/actron/timetravel/file/GroupRecordingFiles.kt	private fun release(failure: Throwable?) {
nullable-type	actron-timetravel/src/commonMain/kotlin/actron/timetravel/file/GroupRecordingFiles.kt	private fun stepsBefore(entries: List<GroupOrderEntry>, at: Int, member: StoreInstanceId): Int? =
nullable-type	actron-timetravel/src/commonMain/kotlin/actron/timetravel/file/GroupRecordingFiles.kt	private var output: SegmentOutput? = null
nullable-type	actron-timetravel/src/commonMain/kotlin/actron/timetravel/file/GroupRecordingFiles.kt	val cut: CutWire? = null,
nullable-type	actron-timetravel/src/commonMain/kotlin/actron/timetravel/file/GroupRecordingFiles.kt	val cut: RecordedCut? = null,
nullable-type	actron-timetravel/src/commonMain/kotlin/actron/timetravel/file/GroupRecordingFiles.kt	val position: Int?,
nullable-type	actron-timetravel/src/commonMain/kotlin/actron/timetravel/file/GroupRecordingFiles.kt	val recording: GroupRecording?,
nullable-type	actron-timetravel/src/commonMain/kotlin/actron/timetravel/file/GroupRecordingFiles.kt	val typed = this as Recording<Any?, Action, Any?, Event>
nullable-type	actron-timetravel/src/commonMain/kotlin/actron/timetravel/file/GroupRecordingFiles.kt	val typed = this as Recording<Any?, Action, Any?, Event>
nullable-type	actron-timetravel/src/commonMain/kotlin/actron/timetravel/file/GroupRecordingFiles.kt	var failure: Throwable? = null
nullable-type	actron-timetravel/src/commonMain/kotlin/actron/timetravel/file/GroupRecordingFiles.kt	var failure: Throwable? = null
nullable-type	actron-timetravel/src/commonMain/kotlin/actron/timetravel/file/GroupRecordingFiles.kt	var latest: OrderRun? = null
nullable-type	actron-timetravel/src/commonMain/kotlin/actron/timetravel/file/GroupRecordingFiles.kt	var open: OrderRun? = null
nullable-type	actron-timetravel/src/commonMain/kotlin/actron/timetravel/file/RecordingFileFormat.kt	fun parseSegmentName(name: String): Pair<StoreInstanceId, Int>? {
nullable-type	actron-timetravel/src/commonMain/kotlin/actron/timetravel/file/RecordingFileFormat.kt	fun stopped(header: RecordingSegmentHeader?, start: ExecutorCheckpoint<C, CMD>?, steps: List<RecordedStep<C, A, CMD, E>>, mark: SegmentMark?) =
nullable-type	actron-timetravel/src/commonMain/kotlin/actron/timetravel/file/RecordingFileFormat.kt	fun stopped(header: RecordingSegmentHeader?, start: ExecutorCheckpoint<C, CMD>?, steps: List<RecordedStep<C, A, CMD, E>>, mark: SegmentMark?) =
nullable-type	actron-timetravel/src/commonMain/kotlin/actron/timetravel/file/RecordingFileFormat.kt	fun stopped(header: RecordingSegmentHeader?, start: ExecutorCheckpoint<C, CMD>?, steps: List<RecordedStep<C, A, CMD, E>>, mark: SegmentMark?) =
nullable-type	actron-timetravel/src/commonMain/kotlin/actron/timetravel/file/RecordingFileFormat.kt	val header: RecordingSegmentHeader?,
nullable-type	actron-timetravel/src/commonMain/kotlin/actron/timetravel/file/RecordingFileFormat.kt	val mark: SegmentMark?,
nullable-type	actron-timetravel/src/commonMain/kotlin/actron/timetravel/file/RecordingFileFormat.kt	val start: ExecutorCheckpoint<C, CMD>?,
nullable-type	actron-timetravel/src/commonMain/kotlin/actron/timetravel/file/RecordingFileSink.kt	override fun onCommitted(input: InputId?, machineInput: MachineInput<A>, decision: Decision<C, CMD, E>) {
nullable-type	actron-timetravel/src/commonMain/kotlin/actron/timetravel/file/RecordingFileSink.kt	override fun onFailed(input: InputId?, machineInput: MachineInput<A>, failure: FailureDescriptor) = record(RecordedStep.Failed(machineInput, failure))
nullable-type	actron-timetravel/src/commonMain/kotlin/actron/timetravel/file/RecordingFileSink.kt	override fun onIgnored(input: InputId?, machineInput: MachineInput<A>, reason: IgnoreReason) = record(RecordedStep.Ignored(machineInput, reason))
nullable-type	actron-timetravel/src/commonMain/kotlin/actron/timetravel/file/RecordingFileSink.kt	private fun closeOutput(output: SegmentOutput, failure: Throwable?) {
nullable-type	actron-timetravel/src/commonMain/kotlin/actron/timetravel/file/RecordingFileSink.kt	private fun release(failure: Throwable?) {
nullable-type	actron-timetravel/src/commonMain/kotlin/actron/timetravel/file/RecordingFileSink.kt	private var output: SegmentOutput? = null
nullable-type	actron-timetravel/src/commonMain/kotlin/actron/timetravel/file/RecordingFileSink.kt	var failure: Throwable? = null
nullable-type	actron-timetravel/src/commonMain/kotlin/actron/timetravel/file/RecordingFileSink.kt	var failure: Throwable? = null
nullable-type	actron-timetravel/src/commonMain/kotlin/actron/timetravel/file/RecordingFileSink.kt	var problem: String? = null
nullable-type	actron-timetravel/src/commonMain/kotlin/actron/timetravel/file/RecordingFiles.kt	val firstStep: Int?,
nullable-type	actron-timetravel/src/commonMain/kotlin/actron/timetravel/file/RecordingFiles.kt	val recording: Recording<C, A, CMD, E>?,
nullable-type	actron-timetravel/src/commonMain/kotlin/actron/timetravel/file/RecordingFiles.kt	var latest: Run<C, A, CMD, E>? = null
nullable-type	actron-timetravel/src/commonMain/kotlin/actron/timetravel/file/RecordingFiles.kt	var run: Run<C, A, CMD, E>? = null
nullable-type	actron-timetravel/src/commonMain/kotlin/actron/timetravel/inspect/Completeness.kt	data class Unattributed(val store: StoreInstanceId?, val count: Int) : Incompleteness
nullable-type	actron-timetravel/src/commonMain/kotlin/actron/timetravel/inspect/Completeness.kt	val capability: actron.observability.Capability?,
nullable-type	actron-timetravel/src/commonMain/kotlin/actron/timetravel/inspect/Completeness.kt	val revision: Long?,
nullable-type	actron-timetravel/src/commonMain/kotlin/actron/timetravel/inspect/Inspector.kt	fun of(records: List<JournalRecord<*, *, *>>, recordings: Map<StoreInstanceId, Recording<*, *, *, *>> = emptyMap(), stats: JournalStats? = null): Inspector =
nullable-type	actron-timetravel/src/commonMain/kotlin/actron/timetravel/inspect/Inspector.kt	private class ProcessingBuilder(val groupSeq: GroupSeq, val elapsed: Duration, val store: StoreInstanceId, val input: InputId, val kind: InputDescriptor<*>?, val ordinal: Long) {
nullable-type	actron-timetravel/src/commonMain/kotlin/actron/timetravel/inspect/Inspector.kt	private fun count(store: StoreInstanceId?, kind: InputDescriptor<*>) {
nullable-type	actron-timetravel/src/commonMain/kotlin/actron/timetravel/inspect/Inspector.kt	private fun count(store: StoreInstanceId?, payload: Payload<*>) {
nullable-type	actron-timetravel/src/commonMain/kotlin/actron/timetravel/inspect/Inspector.kt	private inline fun attach(store: StoreInstanceId?, input: InputId?, record: JournalRecord<*, *, *>, update: ProcessingBuilder.() -> Unit) {
nullable-type	actron-timetravel/src/commonMain/kotlin/actron/timetravel/inspect/Inspector.kt	private inline fun attach(store: StoreInstanceId?, input: InputId?, record: JournalRecord<*, *, *>, update: ProcessingBuilder.() -> Unit) {
nullable-type	actron-timetravel/src/commonMain/kotlin/actron/timetravel/inspect/Inspector.kt	val group: MachineGroupId? = records.firstOrNull()?.group
nullable-type	actron-timetravel/src/commonMain/kotlin/actron/timetravel/inspect/Inspector.kt	val mode: ExecutionMode? = records.firstOrNull()?.mode
nullable-type	actron-timetravel/src/commonMain/kotlin/actron/timetravel/inspect/Inspector.kt	val ordered = (items + pending).sortedWith(compareBy<TimelineItem, Long?>(nullsLast()) { it.groupSeq?.value })
nullable-type	actron-timetravel/src/commonMain/kotlin/actron/timetravel/inspect/Inspector.kt	val problem: String? = when (recorded) {
nullable-type	actron-timetravel/src/commonMain/kotlin/actron/timetravel/inspect/Inspector.kt	val session: RuntimeSessionId? = records.firstOrNull()?.session
nullable-type	actron-timetravel/src/commonMain/kotlin/actron/timetravel/inspect/Inspector.kt	val stats: JournalStats? = null,
nullable-type	actron-timetravel/src/commonMain/kotlin/actron/timetravel/inspect/Inspector.kt	var decision: JournalEntry.DecisionCommitted? = null
nullable-type	actron-timetravel/src/commonMain/kotlin/actron/timetravel/inspect/Inspector.kt	var duration: Duration? = null
nullable-type	actron-timetravel/src/commonMain/kotlin/actron/timetravel/inspect/Inspector.kt	var ignored: String? = null
nullable-type	actron-timetravel/src/commonMain/kotlin/actron/timetravel/inspect/Inspector.kt	var message: actron.observability.MessageRef? = null
nullable-type	actron-timetravel/src/commonMain/kotlin/actron/timetravel/inspect/Inspector.kt	var outcome: OutcomeDescriptor? = null
nullable-type	actron-timetravel/src/commonMain/kotlin/actron/timetravel/inspect/Inspector.kt	var source: String? = null
nullable-type	actron-timetravel/src/commonMain/kotlin/actron/timetravel/inspect/InspectorText.kt	fun timeline(inspector: Inspector, store: StoreInstanceId? = null): List<String> =
nullable-type	actron-timetravel/src/commonMain/kotlin/actron/timetravel/inspect/InspectorText.kt	private fun Incompleteness.store(): StoreInstanceId? = when (this) {
nullable-type	actron-timetravel/src/commonMain/kotlin/actron/timetravel/inspect/Timeline.kt	data class Discarded(override val groupSeq: GroupSeq, override val elapsed: Duration, override val store: StoreInstanceId, val input: InputId, val kind: InputDescriptor<*>?, val reason: DiscardDescriptor) : TimelineItem
nullable-type	actron-timetravel/src/commonMain/kotlin/actron/timetravel/inspect/Timeline.kt	data class Sent(override val groupSeq: GroupSeq, override val elapsed: Duration, override val store: StoreInstanceId, val input: InputId?, val message: MessageRef, val to: StoreInstanceId, val delivered: Boolean, val cause: MessageRef? = null) : TimelineItem
nullable-type	actron-timetravel/src/commonMain/kotlin/actron/timetravel/inspect/Timeline.kt	data class Sent(override val groupSeq: GroupSeq, override val elapsed: Duration, override val store: StoreInstanceId, val input: InputId?, val message: MessageRef, val to: StoreInstanceId, val delivered: Boolean, val cause: MessageRef? = null) : TimelineItem
nullable-type	actron-timetravel/src/commonMain/kotlin/actron/timetravel/inspect/Timeline.kt	data class Unattributed(override val groupSeq: GroupSeq, override val elapsed: Duration, override val store: StoreInstanceId?, val entry: JournalEntry<*, *, *>) : TimelineItem
nullable-type	actron-timetravel/src/commonMain/kotlin/actron/timetravel/inspect/Timeline.kt	override val elapsed: Duration? get() = null
nullable-type	actron-timetravel/src/commonMain/kotlin/actron/timetravel/inspect/Timeline.kt	override val groupSeq: GroupSeq? get() = null
nullable-type	actron-timetravel/src/commonMain/kotlin/actron/timetravel/inspect/Timeline.kt	override val store: StoreInstanceId? get() = null
nullable-type	actron-timetravel/src/commonMain/kotlin/actron/timetravel/inspect/Timeline.kt	override val store: StoreInstanceId? get() = null
nullable-type	actron-timetravel/src/commonMain/kotlin/actron/timetravel/inspect/Timeline.kt	override val store: StoreInstanceId? get() = null
nullable-type	actron-timetravel/src/commonMain/kotlin/actron/timetravel/inspect/Timeline.kt	override val store: StoreInstanceId? get() = null
nullable-type	actron-timetravel/src/commonMain/kotlin/actron/timetravel/inspect/Timeline.kt	val activeNodes: List<String>? get() = after?.configuration?.active?.map { it.value }?.sorted() ?: decision?.active
nullable-type	actron-timetravel/src/commonMain/kotlin/actron/timetravel/inspect/Timeline.kt	val after: MachineSnapshot<*>?,
nullable-type	actron-timetravel/src/commonMain/kotlin/actron/timetravel/inspect/Timeline.kt	val before: MachineSnapshot<*>?,
nullable-type	actron-timetravel/src/commonMain/kotlin/actron/timetravel/inspect/Timeline.kt	val cause: InputId?,
nullable-type	actron-timetravel/src/commonMain/kotlin/actron/timetravel/inspect/Timeline.kt	val decision: JournalEntry.DecisionCommitted?,
nullable-type	actron-timetravel/src/commonMain/kotlin/actron/timetravel/inspect/Timeline.kt	val diff: SnapshotDiff?,
nullable-type	actron-timetravel/src/commonMain/kotlin/actron/timetravel/inspect/Timeline.kt	val duration: Duration?,
nullable-type	actron-timetravel/src/commonMain/kotlin/actron/timetravel/inspect/Timeline.kt	val elapsed: Duration?
nullable-type	actron-timetravel/src/commonMain/kotlin/actron/timetravel/inspect/Timeline.kt	val groupSeq: GroupSeq?
nullable-type	actron-timetravel/src/commonMain/kotlin/actron/timetravel/inspect/Timeline.kt	val ignored: String?,
nullable-type	actron-timetravel/src/commonMain/kotlin/actron/timetravel/inspect/Timeline.kt	val kind: InputDescriptor<*>?,
nullable-type	actron-timetravel/src/commonMain/kotlin/actron/timetravel/inspect/Timeline.kt	val message: MessageRef? = null,
nullable-type	actron-timetravel/src/commonMain/kotlin/actron/timetravel/inspect/Timeline.kt	val outcome: OutcomeDescriptor?,
nullable-type	actron-timetravel/src/commonMain/kotlin/actron/timetravel/inspect/Timeline.kt	val recorded: RecordedStep<*, *, *, *>?,
nullable-type	actron-timetravel/src/commonMain/kotlin/actron/timetravel/inspect/Timeline.kt	val revision: Long? get() = commits.lastOrNull()?.revision ?: decision?.revision
nullable-type	actron-timetravel/src/commonMain/kotlin/actron/timetravel/inspect/Timeline.kt	val source: String? = null,
nullable-type	actron-timetravel/src/commonMain/kotlin/actron/timetravel/inspect/Timeline.kt	val store: StoreInstanceId?
